student_id,age,gender,city,course,category,trainer,registration_date,start_date,duration_hours,mode,price_tnd,discount_tnd,amount_paid,payment_status,attendance_rate,exam_score,completed,satisfaction,marketing_source,registration_status
STU0001,20,Femme,Sousse,Power BI,Business Intelligence,Sarra Gharbi,2025-11-05,2025-11-09,30,Hybride,600,150,450.0,Payé,86.1,77.0,Oui,3.9,Recommandation,Terminé
STU0002,27,Homme,Tunis,Cybersécurité,IT,Nour Ben Ali,2025-01-21,2025-02-01,48,Hybride,1100,0,1100.0,Payé,79.9,66.9,Oui,,Instagram,Terminé
STU0003,28,Femme,Mahdia,Python pour Data,Data,Youssef Trabelsi,2026-01-25,2026-02-18,40,Présentiel,900,100,800.0,Payé,26.3,,Non,4.2,Recommandation,Abandonné
STU0004,34,Femme,Sousse,Power BI,Business Intelligence,Nour Ben Ali,2025-03-06,2025-04-02,30,En ligne,600,300,200.0,Partiel,75.0,63.6,Oui,4.5,Facebook,Terminé
STU0005,22,Homme,Sfax,Intelligence Artificielle,IA,Mehdi Jlassi,2025-04-09,2025-04-23,45,Présentiel,1200,100,1100.0,Payé,78.0,71.8,Oui,4.8,Facebook,Terminé
STU0006,72,Femme,Monastir,Intelligence Artificielle,IA,Nour Ben Ali,2026-07-29,2026-08-07,45,Présentiel,1200,50,1150.0,Payé,86.4,96.7,Non,4.5,Facebook,En cours
STU0007,41,Homme,Sfax,Python pour Data,Data,Ahmed Mansour,2025-01-28,2025-02-11,40,Présentiel,900,0,440.0,Partiel,92.7,81.3,Oui,4.8,Facebook,Terminé
STU0008,26,Homme,Kairouan,Data Analytics,Data,Amira Ben Salem,2025-11-14,2025-11-21,72,Présentiel,1800,100,1700.0,Payé,63.0,54.8,Oui,3.6,LinkedIn,Terminé
STU0009,24,Femme,Sousse,Python pour Data,Data,Nour Ben Ali,2025-03-22,2025-04-20,40,En ligne,900,100,370.0,Partiel,80.1,66.4,Oui,4.2,Recommandation,Terminé
STU0010,31,Femme,Sfax,Data Analytics,Data,Mehdi Jlassi,2025-10-07,2025-10-14,72,En ligne,1800,100,840.0,Partiel,81.9,81.0,Oui,5.0,Facebook,Terminé
STU0011,29,Homme,,Data Analytics,Data,Ahmed Mansour,2026-05-04,2026-05-07,72,En ligne,1800,0,1800.0,Payé,75.5,85.0,Oui,4.2,Facebook,Terminé
STU0012,43,Femme,Sousse,Data Analytics,Data,Amira Ben Salem,2025-01-02,2025-01-05,72,Hybride,1800,0,1800.0,Payé,87.2,61.5,Oui,4.9,LinkedIn,Terminé
STU0013,30,Homme,Sousse,UI/UX Design,Design,Ahmed Mansour,2025-09-11,2025-09-16,36,Présentiel,700,0,700.0,Payé,86.5,66.1,Oui,3.4,WhatsApp,Terminé
STU0014,19,Femme,Sidi Bouzid,Cybersécurité,IT,Ahmed Mansour,2026-04-15,2026-05-10,48,En ligne,1100,0,600.0,Partiel,81.7,77.9,Oui,4.2,Instagram,Terminé
STU0015,39,Homme,Sousse,Power BI,Business Intelligence,Amira Ben Salem,2026-05-27,2026-06-15,30,En ligne,600,300,300.0,Payé,63.1,47.2,Non,3.2,LinkedIn,Abandonné
STU0016,21,Femme,Tunis,Développement Web,Développement,Mehdi Jlassi,2026-07-24,2026-07-29,60,Présentiel,800,100,700.0,Payé,74.2,73.1,Oui,3.6,Instagram,Terminé
STU0017,31,Homme,Sfax,Python pour Data,Data,Youssef Trabelsi,2026-02-12,2026-02-27,40,Présentiel,900,0,900.0,Payé,32.2,,Non,3.1,Facebook,Abandonné
STU0018,30,Femme,Sousse,Power BI,Business Intelligence,Nour Ben Ali,2025-09-21,2025-10-14,30,Présentiel,600,0,600.0,Payé,83.8,75.1,Oui,4.5,LinkedIn,Terminé
STU0019,23,Femme,Nabeul,Power BI,Business Intelligence,Sarra Gharbi,2026-08-27,2026-09-24,30,En ligne,600,0,600.0,Payé,87.5,83.0,Non,4.7,Facebook,En cours
STU0020,31,Homme,Sfax,Data Analytics,Data,Nour Ben Ali,2025-09-04,2025-09-09,72,Présentiel,1800,0,1800.0,Payé,61.0,77.7,Oui,3.7,Événement,Terminé
STU0021,27,Femme,sousse,Data Analytics,Data,Mehdi Jlassi,2025-12-23,2026-01-17,72,Présentiel,1800,0,1800.0,Payé,100.0,84.0,Oui,4.6,Facebook,Terminé
STU0022,31,Homme,Sfax,Développement Web,Développement,Nour Ben Ali,2026-03-03,2026-03-10,60,En ligne,800,100,700.0,Payé,94.0,86.4,Oui,4.8,Facebook,Terminé
STU0023,25,Homme,Tunis,Data Analytics,Data,Youssef Trabelsi,2026-08-25,2026-08-29,72,En ligne,1800,0,660.0,Partiel,80.6,95.4,Non,4.1,Instagram,En cours
STU0024,29,Femme,Monastir,Power BI,Business Intelligence,Ahmed Mansour,2025-04-06,2025-05-02,30,En ligne,600,200,400.0,Payé,88.4,61.1,Oui,4.4,Recommandation,Terminé
STU0025,33,Femme,Tunis,Power BI,Business Intelligence,Ahmed Mansour,2026-01-31,2026-02-11,30,Présentiel,600,200,400.0,Payé,52.7,63.7,Oui,4.1,Facebook,Terminé
STU0026,37,Femme,Mahdia,Python pour Data,Data,Nour Ben Ali,2025-02-11,2025-03-11,40,En ligne,900,0,900.0,Payé,49.0,,Non,4.4,Facebook,Abandonné
STU0027,25,Homme,Sfax,Développement Web,Développement,Sarra Gharbi,2026-05-11,2026-05-26,60,Présentiel,800,0,800.0,Payé,84.6,68.1,Oui,4.0,Facebook,Terminé
STU0028,26,Femme,Sousse,Python pour Data,Data,Amira Ben Salem,2025-01-01,2025-01-06,40,Présentiel,900,100,360.0,Partiel,81.9,73.4,Oui,4.4,Facebook,Terminé
STU0029,30,Femme,Monastir,Cybersécurité,IT,Amira Ben Salem,2025-11-01,2025-11-17,48,Hybride,1100,0,1100.0,Payé,60.3,,Non,2.8,LinkedIn,Abandonné
STU0030,32,Femme,Sousse,Power BI,Business Intelligence,Ahmed Mansour,2026-05-17,2026-06-05,30,Présentiel,600,0,600.0,Payé,68.5,86.6,Oui,3.2,Instagram,Terminé
STU0031,28,Homme,Mahdia,Data Analytics,Data,Sarra Gharbi,2025-01-05,2025-01-30,72,Présentiel,1800,50,1750.0,Payé,90.4,77.8,Non,5.0,WhatsApp,En cours
STU0032,37,Homme,Sousse,Intelligence Artificielle,IA,Nour Ben Ali,2026-06-02,2026-07-02,45,Présentiel,1200,150,1050.0,Payé,53.2,,Non,3.4,Facebook,Abandonné
STU0033,18,Homme,Monastir,Cybersécurité,IT,Youssef Trabelsi,2025-09-07,2025-09-11,48,Présentiel,1100,50,0.0,Impayé,89.0,72.6,Oui,4.7,Facebook,Terminé
STU0034,32,Femme,Tunis,Data Analytics,Data,Sarra Gharbi,2026-03-11,2026-03-20,72,En ligne,1800,0,910.0,Partiel,99.4,64.7,Oui,5.0,Recommandation,Terminé
STU0035,25,Homme,Kairouan,Python pour Data,Data,Amira Ben Salem,2025-11-26,2025-12-15,40,Hybride,900,0,900.0,Payé,99.3,87.9,Oui,4.1,Facebook,Terminé
STU0036,28,Femme,Sousse,Développement Web,Développement,Ahmed Mansour,2025-12-26,2026-01-01,60,Présentiel,800,0,800.0,Payé,81.0,73.4,Oui,4.8,Facebook,Terminé
STU0037,22,Femme,Sousse,Data Analytics,Data,Youssef Trabelsi,2025-03-19,2025-04-16,72,Présentiel,1800,100,1170.0,Partiel,53.7,,Non,3.5,Facebook,Abandonné
STU0038,24,Femme,Monastir,Data Analytics,Data,Nour Ben Ali,2026-06-10,2026-07-09,72,Présentiel,1800,0,1800.0,Payé,66.0,72.7,Oui,4.4,Instagram,Terminé
STU0039,40,Femme,Sousse,Data Analytics,Data,Amira Ben Salem,2025-09-30,2025-10-09,72,Présentiel,1800,0,1800.0,Payé,50.1,40.9,Oui,,Facebook,Terminé
STU0040,26,Homme,Sidi Bouzid,Power BI,Business Intelligence,Ahmed Mansour,2026-08-18,2026-08-30,30,En ligne,600,0,600.0,Payé,100.0,99.4,Non,3.3,LinkedIn,En cours
STU0041,18,Femme,Sousse,Cybersécurité,IT,Sarra Gharbi,2026-03-22,2026-04-17,48,Présentiel,1100,200,0.0,Impayé,89.3,79.0,Oui,3.6,Facebook,Terminé
STU0042,31,Homme,Sidi Bouzid,Data Analytics,Data,Sarra Gharbi,2026-07-28,2026-08-24,72,Présentiel,1800,100,1700.0,Payé,80.9,54.9,Oui,5.0,Facebook,Terminé
STU0043,22,Homme,Monastir,Cybersécurité,IT,Mehdi Jlassi,2025-05-19,2025-05-25,48,En ligne,1100,0,1100.0,Payé,90.3,59.9,Oui,,Recommandation,Terminé
STU0044,33,Femme,Sousse,Python pour Data,Data,Mehdi Jlassi,2026-02-23,2026-03-14,40,Présentiel,900,200,470.0,Partiel,51.4,,Non,4.1,Facebook,Abandonné
STU0045,33,Homme,Sidi Bouzid,Data Analytics,Data,Sarra Gharbi,2026-01-14,2026-01-30,72,Hybride,1800,100,930.0,Partiel,115.0,87.6,Oui,3.9,Facebook,Terminé
STU0046,18,Homme,Monastir,Power BI,Business Intelligence,Youssef Trabelsi,2025-04-14,2025-05-05,30,Présentiel,600,100,500.0,Payé,77.4,51.7,Oui,3.7,WhatsApp,Terminé
STU0047,28,Homme,Monastir,Data Analytics,Data,Nour Ben Ali,2026-02-15,2026-03-12,72,Hybride,1800,0,1800.0,Payé,95.7,89.0,Oui,3.6,Recommandation,Terminé
STU0048,18,Femme,Monastir,Data Analytics,Data,Nour Ben Ali,2025-02-16,2025-02-22,72,En ligne,1800,150,1650.0,Payé,90.8,88.8,Oui,5.0,LinkedIn,Terminé
STU0049,21,Homme,Monastir,Power BI,Business Intelligence,Mehdi Jlassi,2025-12-29,2026-01-12,30,Présentiel,600,200,400.0,Payé,75.3,80.7,Oui,3.5,Instagram,Terminé
STU0050,38,Femme,Sousse,UI/UX Design,Design,Amira Ben Salem,2026-02-11,2026-02-14,36,Présentiel,700,0,700.0,Payé,90.7,79.8,Oui,4.9,Facebook,Terminé
STU0051,37,Femme,Tunis,Data Analytics,Data,Sarra Gharbi,2026-01-21,2026-01-30,72,Présentiel,1800,0,1800.0,Payé,74.4,67.0,Oui,5.0,LinkedIn,Terminé
STU0052,28,Femme,Mahdia,Data Analytics,Data,Mehdi Jlassi,2025-06-05,2025-06-25,72,Présentiel,1800,100,0.0,Impayé,64.9,62.8,Oui,3.4,LinkedIn,Terminé
STU0053,23,Homme,Sousse,Python pour Data,Data,Nour Ben Ali,2025-11-01,2025-11-16,40,Hybride,900,0,900.0,Payé,83.9,79.0,Oui,4.9,Facebook,Terminé
STU0054,18,Femme,Sidi Bouzid,Python pour Data,Data,Sarra Gharbi,2026-04-03,2026-04-24,40,Présentiel,900,100,800.0,Payé,100.0,80.0,Oui,4.1,Instagram,Terminé
STU0055,34,Femme,Sousse,Développement Web,Développement,Amira Ben Salem,2026-08-27,2026-09-13,60,En ligne,800,150,270.0,Partiel,67.3,80.8,Oui,4.4,Facebook,Terminé
STU0056,24,Homme,Sidi Bouzid,Power BI,Business Intelligence,Sarra Gharbi,2026-07-02,2026-08-01,30,Hybride,600,100,260.0,Partiel,78.7,75.4,Non,4.6,Facebook,En cours
STU0057,25,Homme,Tunis,Data Analytics,Data,Youssef Trabelsi,2025-12-30,2026-01-25,72,Hybride,1800,0,1800.0,Payé,95.2,84.6,Oui,4.2,Facebook,Terminé
STU0058,41,Homme,,Python pour Data,Data,Mehdi Jlassi,2025-01-04,2025-02-01,40,Présentiel,900,100,320.0,Partiel,83.1,69.3,Oui,3.6,Recommandation,Terminé
STU0059,32,Homme,Kairouan,Développement Web,Développement,Nour Ben Ali,2025-01-27,2025-02-23,60,Présentiel,800,0,800.0,Payé,59.9,53.2,Oui,4.7,Facebook,Terminé
STU0060,26,Homme,Tunis,Développement Web,Développement,Amira Ben Salem,2025-10-19,2025-11-09,60,Présentiel,800,0,800.0,Payé,96.9,65.6,Oui,3.6,Événement,Terminé
STU0061,21,Homme,Mahdia,Power BI,Business Intelligence,Ahmed Mansour,2025-05-28,2025-06-18,30,En ligne,600,100,500.0,Payé,100.0,83.9,Oui,3.7,Facebook,Terminé
STU0062,28,Homme,Tunis,Intelligence Artificielle,IA,Nour Ben Ali,2025-04-18,2025-05-02,45,Présentiel,1200,300,590.0,Partiel,100.0,94.8,Non,3.8,Google,En cours
STU0063,34,Homme,Sidi Bouzid,Python pour Data,Data,Youssef Trabelsi,2025-03-30,2025-04-13,40,En ligne,900,0,900.0,Payé,98.7,92.3,Oui,4.2,Événement,Terminé
STU0064,28,Homme,Kairouan,Power BI,Business Intelligence,Amira Ben Salem,2026-06-10,2026-07-06,30,Présentiel,600,0,600.0,Payé,90.9,67.8,Oui,5.0,Google,Terminé
STU0065,39,Femme,Sfax,Power BI,Business Intelligence,Mehdi Jlassi,2026-03-26,2026-04-20,30,Hybride,600,50,550.0,Payé,32.0,,Non,2.8,Recommandation,Abandonné
STU0066,48,Femme,Tunis,Data Analytics,Data,Ahmed Mansour,2026-01-24,2026-01-27,72,Présentiel,1800,0,1800.0,Payé,73.5,66.9,Oui,,Instagram,Terminé
STU0067,28,Femme,Sfax,Power BI,Business Intelligence,Nour Ben Ali,2026-01-15,2026-01-23,30,Présentiel,600,300,300.0,Payé,63.4,59.2,Non,4.2,WhatsApp,Abandonné
STU0068,33,Femme,Sousse,Excel Avancé,Bureautique,Youssef Trabelsi,2025-09-16,2025-10-12,24,Présentiel,450,0,450.0,Payé,75.5,86.9,Oui,3.8,Facebook,Terminé
STU0069,23,Homme,Monastir,Excel Avancé,Bureautique,Amira Ben Salem,2025-11-19,2025-12-18,24,En ligne,450,0,450.0,Payé,72.9,73.0,Oui,4.4,Facebook,Terminé
STU0070,18,Femme,Sidi Bouzid,Data Analytics,Data,Ahmed Mansour,2026-08-16,2026-09-05,72,En ligne,1800,50,1750.0,Payé,65.7,93.9,Oui,3.8,Facebook,Terminé
STU0071,18,Homme,Sidi Bouzid,Développement Web,Développement,Sarra Gharbi,2025-12-29,2026-01-13,60,En ligne,800,100,700.0,Payé,88.0,88.9,Oui,5.0,Google,Terminé
STU0072,27,Femme,Sidi Bouzid,UI/UX Design,Design,Mehdi Jlassi,2026-08-12,2026-08-26,36,Présentiel,700,0,700.0,Payé,83.9,84.6,Oui,3.2,Google,Terminé
STU0073,33,Homme,Sousse,Power BI,Business Intelligence,Youssef Trabelsi,2026-02-16,2026-03-18,30,En ligne,600,0,600.0,Payé,100.0,92.5,Oui,4.6,LinkedIn,Terminé
STU0074,32,Homme,Tunis,Cybersécurité,IT,Youssef Trabelsi,2025-11-02,2025-11-18,48,Présentiel,1100,300,800.0,Payé,74.2,74.6,Oui,3.8,Facebook,Terminé
STU0075,40,Homme,Tunis,Power BI,Business Intelligence,Amira Ben Salem,2025-04-09,2025-04-24,30,Présentiel,600,200,280.0,Partiel,81.1,88.5,Oui,4.2,Événement,Terminé
STU0076,32,Homme,Nabeul,Power BI,Business Intelligence,Sarra Gharbi,2025-09-14,2025-10-12,30,En ligne,600,200,400.0,Payé,85.2,68.5,Oui,3.7,Instagram,Terminé
STU0077,28,Homme,Sousse,Power BI,Business Intelligence,Sarra Gharbi,2026-07-16,2026-08-07,30,Hybride,600,0,0.0,Impayé,96.5,75.0,Oui,4.8,Recommandation,Terminé
STU0078,41,Femme,SOUSSE,Data Analytics,Data,Mehdi Jlassi,2026-05-16,2026-06-08,72,Présentiel,1800,100,1700.0,Payé,100.0,87.3,Oui,4.1,Facebook,Terminé
STU0079,31,Homme,Sfax,Intelligence Artificielle,IA,Amira Ben Salem,2026-01-27,2026-02-09,45,En ligne,1200,50,1150.0,Payé,81.1,71.3,Non,,Événement,En cours
STU0080,40,Homme,Sousse,Python pour Data,Data,Amira Ben Salem,2026-08-12,2026-09-03,40,Présentiel,900,0,900.0,Payé,93.4,87.5,Oui,3.5,LinkedIn,Terminé
STU0081,30,Homme,Monastir,Développement Web,Développement,Youssef Trabelsi,2025-11-14,2025-12-06,60,Présentiel,800,0,800.0,Payé,93.4,81.9,Oui,4.8,WhatsApp,Terminé
STU0082,42,Femme,Sousse,Développement Web,Développement,Nour Ben Ali,2025-08-31,2025-09-28,60,Présentiel,800,0,800.0,Payé,44.3,,Non,3.4,Facebook,Abandonné
STU0083,32,Femme,Sousse,Développement Web,Développement,Mehdi Jlassi,2025-07-26,2025-07-29,60,Présentiel,800,200,600.0,Payé,56.0,73.6,Oui,4.0,Facebook,Terminé
STU0084,52,Femme,Monastir,Intelligence Artificielle,IA,Ahmed Mansour,2026-08-01,2026-08-18,45,Présentiel,1200,200,440.0,Partiel,86.5,59.0,Non,3.8,Instagram,En cours
STU0085,39,Femme,Sfax,Développement Web,Développement,Ahmed Mansour,2026-06-10,2026-06-26,60,Hybride,800,50,750.0,Payé,92.1,72.2,Oui,4.1,Facebook,Terminé
STU0086,40,Homme,Sousse,Power BI,Business Intelligence,Ahmed Mansour,2025-03-07,2025-03-12,30,En ligne,600,100,0.0,Impayé,100.0,96.2,Oui,3.7,Instagram,Terminé
STU0087,29,Femme,Kairouan,Python pour Data,Data,Sarra Gharbi,2026-05-28,2026-06-24,40,Présentiel,900,0,640.0,Partiel,65.3,75.3,Oui,4.9,Facebook,Terminé
STU0088,26,Femme,Sousse,Développement Web,Développement,Ahmed Mansour,2025-10-09,2025-10-12,60,Présentiel,800,0,800.0,Payé,86.9,85.3,Oui,4.1,LinkedIn,Terminé
STU0089,30,Homme,Tunis,Data Analytics,Data,Ahmed Mansour,2025-10-21,2025-11-12,72,En ligne,1800,0,1800.0,Payé,87.9,78.4,Oui,4.2,Instagram,Terminé
STU0090,25,Homme,Sousse,Intelligence Artificielle,IA,Sarra Gharbi,2026-02-18,2026-03-10,45,En ligne,1200,0,1200.0,Payé,74.3,72.6,Oui,4.3,,Terminé
STU0091,30,Homme,Kairouan,Excel Avancé,Bureautique,Mehdi Jlassi,2025-08-08,2025-08-12,24,En ligne,450,300,150.0,Payé,91.8,90.8,Oui,4.0,LinkedIn,Terminé
STU0092,27,Femme,Sfax,Intelligence Artificielle,IA,Amira Ben Salem,2025-10-06,2025-10-27,45,En ligne,1200,200,1000.0,Payé,94.5,65.0,Oui,3.6,Recommandation,Terminé
STU0093,37,Femme,Monastir,Développement Web,Développement,Sarra Gharbi,2025-04-12,2025-05-10,60,En ligne,800,100,700.0,Payé,100.0,89.0,Oui,3.5,LinkedIn,Terminé
STU0094,18,Femme,Tunis,Python pour Data,Data,Ahmed Mansour,2026-03-03,2026-03-18,40,En ligne,900,200,0.0,Impayé,84.2,85.9,Oui,4.0,Recommandation,Terminé
STU0095,19,Femme,Sousse,Développement Web,Développement,Nour Ben Ali,2026-07-18,2026-08-03,60,Présentiel,800,0,800.0,Payé,75.7,73.4,Non,5.0,Recommandation,En cours
STU0096,24,Femme,Sousse,Intelligence Artificielle,IA,Nour Ben Ali,2025-06-08,2025-06-17,45,En ligne,1200,0,1200.0,Payé,31.9,,Non,3.2,Facebook,Abandonné
STU0097,30,Homme,Sidi Bouzid,Python pour Data,Data,Amira Ben Salem,2026-08-07,2026-09-02,40,En ligne,900,0,490.0,Partiel,100.0,92.2,Non,3.7,Facebook,En cours
STU0098,30,Femme,Monastir,Développement Web,Développement,Youssef Trabelsi,2026-03-08,2026-03-15,60,Présentiel,800,100,700.0,Payé,71.8,80.0,Oui,5.0,Recommandation,Terminé
STU0099,31,Femme,Sfax,Développement Web,Développement,Amira Ben Salem,2026-04-04,2026-04-13,60,Présentiel,800,0,560.0,Partiel,82.0,78.9,Oui,4.9,Instagram,Terminé
STU0100,37,Femme,Tunis,Power BI,Business Intelligence,Nour Ben Ali,2026-07-15,2026-08-14,30,Présentiel,600,0,390.0,Partiel,100.0,77.2,Non,4.6,Recommandation,En cours
STU0101,20,Homme,Nabeul,Python pour Data,Data,Youssef Trabelsi,2026-04-16,2026-05-08,40,En ligne,900,0,900.0,Payé,66.0,72.4,Oui,4.2,LinkedIn,Terminé
STU0102,22,Femme,Sidi Bouzid,Data Analytics,Data,Ahmed Mansour,2026-05-30,2026-06-17,72,Présentiel,1800,1000,1800.0,Payé,83.1,66.9,Oui,4.7,Recommandation,Terminé
STU0103,32,Homme,,Power BI,Business Intelligence,Ahmed Mansour,2026-04-26,2026-05-21,30,Présentiel,600,0,600.0,Payé,49.4,,Non,3.1,Facebook,Abandonné
STU0104,35,Femme,Nabeul,Développement Web,Développement,Amira Ben Salem,2025-02-11,2025-02-19,60,Hybride,800,150,650.0,Payé,55.4,63.7,Non,3.2,Facebook,Abandonné
STU0105,33,Femme,Nabeul,Power BI,Business Intelligence,Amira Ben Salem,2025-09-10,2025-10-04,30,En ligne,600,0,390.0,Partiel,47.9,,Non,2.9,Google,Abandonné
STU0106,36,Femme,Sousse,Data Analytics,Data,Ahmed Mansour,2026-06-27,2026-07-13,72,En ligne,1800,200,1600.0,Payé,38.0,59.7,Oui,3.9,Facebook,Terminé
STU0107,19,Homme,Sousse,Développement Web,Développement,Youssef Trabelsi,2025-09-10,2025-10-06,60,Présentiel,800,0,380.0,Partiel,61.7,50.5,Oui,4.0,Instagram,Terminé
STU0108,36,Homme,Sousse,Data Analytics,Data,Nour Ben Ali,2026-02-24,2026-03-26,72,Présentiel,1800,200,1600.0,Payé,100.0,93.6,Oui,4.6,Facebook,Terminé
STU0109,18,Femme,Tunis,Power BI,Business Intelligence,Mehdi Jlassi,2026-02-09,2026-03-05,30,Hybride,600,150,450.0,Payé,100.0,100.0,Oui,4.7,Facebook,Terminé
STU0110,32,Femme,Sousse,Power BI,Business Intelligence,Amira Ben Salem,2026-01-30,2026-02-22,30,Présentiel,600,200,400.0,Payé,96.0,81.6,Oui,3.5,Instagram,Terminé
STU0111,18,Femme,Tunis,Intelligence Artificielle,IA,Amira Ben Salem,2025-07-11,2025-07-30,45,En ligne,1200,100,1100.0,Payé,34.4,52.1,Non,2.6,WhatsApp,Abandonné
STU0112,18,Homme,Tunis,Power BI,Business Intelligence,Ahmed Mansour,2026-03-25,2026-04-19,30,Hybride,600,100,500.0,Payé,78.4,68.8,Oui,4.3,Facebook,Terminé
STU0113,22,Femme,Tunis,Cybersécurité,IT,Ahmed Mansour,2026-07-17,2026-07-30,48,En ligne,1100,50,1050.0,Payé,98.9,97.2,Non,4.3,Recommandation,En cours
STU0114,36,Homme,Sousse,Data Analytics,Data,Sarra Gharbi,2026-07-15,2026-07-21,72,Hybride,1800,100,1700.0,Payé,82.5,81.9,Non,4.9,Recommandation,En cours
STU0115,24,Homme,Monastir,Cybersécurité,IT,Ahmed Mansour,2025-08-14,2025-08-27,48,En ligne,1100,0,1100.0,Payé,94.1,83.4,Oui,3.6,Recommandation,Terminé
STU0116,20,Femme,Mahdia,Python pour Data,Data,Amira Ben Salem,2025-05-02,2025-05-27,40,En ligne,900,200,700.0,Payé,77.2,75.5,Oui,3.1,Instagram,Terminé
STU0117,31,Femme,Sousse,Cybersécurité,IT,Amira Ben Salem,2026-06-18,2026-07-18,48,Présentiel,1100,0,750.0,Partiel,67.7,,Non,3.1,Recommandation,Abandonné
STU0118,30,Femme,Monastir,Python pour Data,Data,Amira Ben Salem,2025-05-08,2025-05-15,40,En ligne,900,0,900.0,Payé,100.0,81.2,Oui,4.1,WhatsApp,Terminé
STU0119,27,Homme,Sousse,Cybersécurité,IT,Sarra Gharbi,2025-03-07,2025-03-18,48,En ligne,1100,0,800.0,Partiel,70.9,86.9,Oui,5.0,Recommandation,Terminé
STU0120,35,Homme,Sidi Bouzid,Data Analytics,Data,Sarra Gharbi,2025-04-11,2025-05-09,72,Hybride,1800,0,1800.0,Payé,54.2,,Non,3.0,Instagram,Abandonné
STU0121,18,Homme,Sousse,Data Analytics,Data,Mehdi Jlassi,2026-05-30,2026-06-25,72,En ligne,1800,0,1800.0,Payé,98.4,91.3,Oui,3.5,Instagram,Terminé
STU0122,26,Femme,Sfax,Développement Web,Développement,Ahmed Mansour,2026-06-26,2026-07-24,60,Présentiel,800,100,700.0,Payé,82.9,76.1,Non,5.0,Recommandation,En cours
STU0123,22,Femme,Monastir,Power BI,Business Intelligence,Ahmed Mansour,2025-04-28,2025-05-13,30,En ligne,600,0,600.0,Payé,80.2,73.0,Oui,5.0,Événement,Terminé
STU0124,35,Homme,Sousse,Cybersécurité,IT,Sarra Gharbi,2025-09-11,2025-10-05,48,En ligne,1100,0,480.0,Partiel,42.4,,Non,2.9,Événement,Abandonné
STU0125,20,Femme,Sousse,Excel Avancé,Bureautique,Amira Ben Salem,2025-11-09,2025-11-15,24,En ligne,450,150,300.0,Payé,44.7,59.1,Oui,3.4,Instagram,Terminé
STU0126,28,Femme,Sousse,Développement Web,Développement,Mehdi Jlassi,2025-07-24,2025-08-01,60,Hybride,800,0,330.0,Partiel,79.4,67.5,Oui,4.1,Facebook,Terminé
STU0127,18,Homme,Sousse,Python pour Data,Data,Nour Ben Ali,2026-03-02,2026-03-30,40,En ligne,900,50,850.0,Payé,68.7,77.4,Non,3.6,Événement,En cours
STU0128,31,Femme,Nabeul,Développement Web,Développement,Amira Ben Salem,2025-06-10,2025-06-30,60,En ligne,800,150,650.0,Payé,64.4,56.4,Oui,4.0,Instagram,Terminé
STU0129,25,Homme,Sidi Bouzid,Cybersécurité,IT,Mehdi Jlassi,2025-07-17,2025-07-21,48,En ligne,1100,50,1050.0,Payé,63.8,70.0,Oui,4.7,Recommandation,Terminé
STU0130,23,Femme,Sidi Bouzid,Développement Web,Développement,Amira Ben Salem,2025-02-01,2025-02-10,60,Présentiel,800,200,600.0,Payé,83.0,92.5,Oui,4.3,Facebook,Terminé
STU0131,21,Femme,Mahdia,Data Analytics,Data,Amira Ben Salem,2026-03-23,2026-03-27,72,Online,1800,0,1800.0,Payé,88.0,87.5,Oui,4.1,Recommandation,Terminé
STU0132,36,Femme,Sidi Bouzid,Data Analytics,Data,Youssef Trabelsi,2025-01-08,2025-02-03,72,Hybride,1800,0,1800.0,Payé,88.6,69.1,Oui,4.8,Facebook,Terminé
STU0133,29,Femme,Monastir,Data Analytics,Data,Nour Ben Ali,2025-09-16,2025-10-15,72,Présentiel,1800,0,1800.0,Payé,57.8,,Non,2.9,Recommandation,Abandonné
STU0134,30,Femme,Nabeul,Data Analytics,Data,Nour Ben Ali,2025-09-26,2025-09-30,72,Présentiel,1800,0,1800.0,Payé,85.1,74.2,Oui,4.8,Événement,Terminé
STU0135,42,Homme,Sousse,Python pour Data,Data,Nour Ben Ali,2025-09-22,2025-10-14,40,En ligne,900,200,450.0,Partiel,84.9,79.3,Non,3.9,Facebook,En cours
STU0136,34,Homme,Monastir,Power BI,Business Intelligence,Youssef Trabelsi,2025-07-09,2025-07-12,30,Présentiel,600,0,600.0,Payé,74.6,66.5,Oui,3.6,Facebook,Terminé
STU0137,18,Homme,Tunis,Développement Web,Développement,Ahmed Mansour,2025-09-29,2025-10-03,60,Hybride,800,0,360.0,Partiel,98.2,77.9,Oui,4.3,Recommandation,Terminé
STU0138,35,Homme,Monastir,Excel Avancé,Bureautique,Sarra Gharbi,2025-11-09,2025-12-02,24,Présentiel,450,50,150.0,Partiel,64.5,69.3,Oui,4.3,Facebook,Terminé
STU0139,35,Femme,Sousse,UI/UX Design,Design,Mehdi Jlassi,2026-05-16,2026-05-26,36,Présentiel,700,0,700.0,Payé,86.5,91.4,Oui,3.9,Instagram,Terminé
STU0140,31,Homme,Kairouan,Python pour Data,Data,Nour Ben Ali,2025-11-23,2025-12-09,40,En ligne,900,150,300.0,Partiel,72.9,79.7,Oui,3.8,Google,Terminé
STU0141,22,Femme,Sousse,Intelligence Artificielle,IA,Sarra Gharbi,2025-11-30,2025-12-11,45,Présentiel,1200,0,440.0,Partiel,35.3,,Non,4.3,Instagram,Abandonné
STU0142,23,Homme,Monastir,Développement Web,Développement,Nour Ben Ali,2025-11-20,2025-11-25,60,Présentiel,800,200,600.0,Payé,82.5,77.0,Oui,4.8,Facebook,Terminé
STU0143,40,Homme,Mahdia,Power BI,Business Intelligence,Sarra Gharbi,2026-07-04,2026-07-26,30,Présentiel,600,150,450.0,Payé,77.4,87.7,Non,4.9,Recommandation,En cours
STU0144,27,Homme,Sousse,Excel Avancé,Bureautique,Youssef Trabelsi,2026-07-27,2026-08-10,24,Présentiel,450,100,350.0,Payé,59.3,60.7,Non,4.3,WhatsApp,En cours
STU0145,24,Femme,Tunis,Python pour Data,Data,Amira Ben Salem,2025-10-29,2025-11-17,40,En ligne,900,0,900.0,Payé,100.0,95.9,Oui,3.8,LinkedIn,Terminé
STU0146,27,Femme,Monastir,Power BI,Business Intelligence,Amira Ben Salem,2026-07-05,2026-07-20,30,Présentiel,600,100,500.0,Payé,90.7,78.5,Oui,3.8,Instagram,Terminé
STU0147,33,Homme,Sousse,Power BI,Business Intelligence,Youssef Trabelsi,2025-04-13,2025-05-13,30,En ligne,600,200,400.0,Payé,86.5,78.6,Oui,3.8,Facebook,Terminé
STU0148,18,Femme,Tunis,Power BI,Business Intelligence,Youssef Trabelsi,2025-02-10,2025-02-19,30,En ligne,600,50,550.0,Payé,42.8,,Non,4.4,Facebook,Abandonné
STU0149,32,Homme,Monastir,Data Analytics,Data,Youssef Trabelsi,2025-03-22,2025-04-02,72,Hybride,1800,50,1750.0,Payé,68.0,66.0,Oui,2.9,Événement,Terminé
STU0150,18,Homme,Sfax,Data Analytics,Data,Youssef Trabelsi,2026-02-24,2026-03-01,72,Hybride,1800,0,1800.0,Payé,91.5,91.9,Oui,4.2,Recommandation,Terminé
STU0151,45,Homme,Sousse,Power BI,Business Intelligence,Sarra Gharbi,2025-04-28,2025-05-04,30,Hybride,600,0,600.0,Payé,64.1,80.7,Oui,5.0,Facebook,Terminé
STU0152,30,Femme,Sousse,Data Analytics,Data,Sarra Gharbi,2026-07-30,2026-08-06,72,Présentiel,1800,100,1700.0,Payé,54.5,63.3,Non,4.9,Google,En cours
STU0153,29,Femme,Sousse,Data Analytics,Data,Sarra Gharbi,2025-08-22,2025-09-12,72,Présentiel,1800,0,720.0,Partiel,87.4,74.6,Oui,5.0,WhatsApp,Terminé
STU0154,34,Homme,Kairouan,Cybersécurité,IT,Mehdi Jlassi,2026-05-15,2026-06-03,48,Hybride,1100,0,1100.0,Payé,77.7,78.2,Oui,2.8,Facebook,Terminé
STU0155,33,Femme,Tunis,Python pour Data,Data,Amira Ben Salem,2025-12-07,2025-12-23,40,Présentiel,900,100,800.0,Payé,88.5,85.0,Oui,3.8,Facebook,Terminé
STU0156,25,Homme,Sidi Bouzid,Développement Web,Développement,Youssef Trabelsi,2025-06-14,2025-06-23,60,Présentiel,800,0,800.0,Payé,89.3,78.1,Oui,3.8,Instagram,Terminé
STU0157,30,Homme,Kairouan,Cybersécurité,IT,Ahmed Mansour,2026-06-01,2026-06-20,48,Présentiel,1100,100,580.0,Partiel,88.1,72.0,Non,4.1,Google,En cours
STU0158,28,Femme,Tunis,Data Analytics,Data,Sarra Gharbi,2026-05-14,2026-06-03,72,En ligne,1800,150,1650.0,Payé,100.0,82.8,Oui,4.8,LinkedIn,Terminé
STU0159,28,Homme,Sousse,Développement Web,Développement,Amira Ben Salem,2025-05-27,2025-06-04,60,Présentiel,800,0,290.0,Partiel,100.0,91.9,Oui,3.6,Recommandation,Terminé
STU0160,45,Homme,Sidi Bouzid,Excel Avancé,Bureautique,Mehdi Jlassi,2025-02-26,2025-03-15,24,Présentiel,450,300,150.0,Payé,88.0,76.4,Oui,3.9,Recommandation,Terminé
STU0161,30,Homme,Sousse,Data Analytics,Data,Mehdi Jlassi,2026-01-19,2026-01-25,72,Présentiel,1800,50,1360.0,Partiel,83.9,73.5,Oui,3.8,Recommandation,Terminé
STU0162,29,Femme,Sousse,Data Analytics,Data,Mehdi Jlassi,2025-07-07,2025-07-11,72,En ligne,1800,0,1800.0,Payé,89.9,61.1,Oui,3.7,Google,Terminé
STU0163,27,Homme,Tunis,Excel Avancé,Bureautique,Amira Ben Salem,2026-03-13,2026-03-28,24,Présentiel,450,100,200.0,Partiel,91.1,94.3,Oui,3.3,,Terminé
STU0164,42,Femme,Sfax,Python pour Data,Data,Ahmed Mansour,2025-02-22,2025-03-20,40,Présentiel,900,0,650.0,Partiel,62.6,,Non,3.6,Recommandation,Abandonné
STU0165,24,Femme,Sousse,Intelligence Artificielle,IA,Mehdi Jlassi,2025-10-21,2025-11-09,45,En ligne,1200,0,1200.0,Payé,62.0,73.3,Oui,3.6,Recommandation,Terminé
STU0166,34,Femme,Sidi Bouzid,Power BI,Business Intelligence,Amira Ben Salem,2025-07-17,2025-08-04,30,Hybride,600,200,400.0,Payé,75.7,63.1,Oui,4.4,Instagram,Terminé
STU0167,32,Femme,Sousse,UI/UX Design,Design,Ahmed Mansour,2026-06-07,2026-06-26,36,Hybride,700,100,600.0,Payé,93.7,100.0,Non,3.9,Facebook,En cours
STU0168,36,Femme,Sousse,Python pour Data,Data,Amira Ben Salem,2026-03-31,2026-04-11,40,En ligne,900,0,900.0,Payé,78.0,48.7,Oui,5.0,Recommandation,Terminé
STU0169,35,Homme,Sidi Bouzid,Excel Avancé,Bureautique,Ahmed Mansour,2025-10-01,2025-10-06,24,Présentiel,450,0,450.0,Payé,99.0,70.4,Oui,5.0,Instagram,Terminé
STU0170,22,Femme,Sousse,UI/UX Design,Design,Nour Ben Ali,2026-08-09,2026-08-25,36,En ligne,700,0,700.0,Payé,63.6,67.0,Non,4.2,Facebook,En cours
STU0171,27,Homme,Kairouan,Power BI,Business Intelligence,Amira Ben Salem,2025-04-29,2025-05-29,30,Présentiel,600,0,600.0,Payé,87.8,72.8,Oui,3.9,Instagram,Terminé
STU0172,18,Femme,Tunis,Data Analytics,Data,Youssef Trabelsi,2026-06-03,2026-06-25,72,Présentiel,1800,100,1700.0,Payé,64.4,85.0,Oui,5.0,Instagram,Terminé
STU0173,32,Homme,Monastir,Excel Avancé,Bureautique,Sarra Gharbi,2025-07-14,2025-07-25,24,Présentiel,450,200,250.0,Payé,100.0,77.2,Oui,5.0,Facebook,Terminé
STU0174,44,Homme,Monastir,Développement Web,Développement,Youssef Trabelsi,2026-05-07,2026-05-16,60,En ligne,800,0,800.0,Payé,87.6,91.7,Oui,4.5,Facebook,Terminé
STU0175,19,Homme,Sousse,Excel Avancé,Bureautique,Mehdi Jlassi,2026-07-23,2026-08-09,24,Présentiel,450,0,450.0,Payé,100.0,96.3,Oui,4.9,WhatsApp,Terminé
STU0176,28,Femme,Sidi Bouzid,Power BI,Business Intelligence,Mehdi Jlassi,2026-03-29,2026-04-06,30,Présentiel,600,0,600.0,Payé,74.9,69.0,Oui,5.0,WhatsApp,Terminé
STU0177,27,Femme,Sousse,Data Analytics,Data,Nour Ben Ali,2025-02-19,2025-03-04,72,Hybride,1800,0,1800.0,Payé,66.0,57.9,Oui,4.4,Événement,Terminé
STU0178,29,Femme,Tunis,Power BI,Business Intelligence,Mehdi Jlassi,2025-06-03,2025-06-11,30,Hybride,600,0,600.0,Payé,90.1,83.5,Oui,4.2,Facebook,Terminé
STU0179,21,Homme,Sfax,Python pour Data,Data,Mehdi Jlassi,2025-04-03,2025-04-27,40,Présentiel,900,100,800.0,Payé,92.8,85.4,Oui,4.5,LinkedIn,Terminé
STU0180,29,Homme,Sousse,Excel Avancé,Bureautique,Ahmed Mansour,2025-06-22,2025-07-04,24,Présentiel,450,200,250.0,Payé,64.8,65.6,Oui,4.5,Instagram,Terminé
STU0181,28,Femme,Sfax,Développement Web,Développement,Nour Ben Ali,2025-04-01,2025-04-21,60,Hybride,800,100,700.0,Payé,28.6,,Non,3.0,Instagram,Abandonné
STU0182,30,Femme,Nabeul,Data Analytics,Data,Sarra Gharbi,2025-04-09,2025-04-23,72,En ligne,1800,150,930.0,Partiel,57.9,47.6,Non,2.4,Instagram,Abandonné
STU0183,32,Femme,Tunis,Python pour Data,Data,Amira Ben Salem,2026-04-20,2026-04-26,40,Hybride,900,0,330.0,Partiel,64.8,64.5,Oui,4.8,Facebook,Terminé
STU0184,24,Homme,Monastir,Intelligence Artificielle,IA,Ahmed Mansour,2025-10-06,2025-10-21,45,Présentiel,1200,0,1200.0,Payé,97.8,86.7,Oui,3.8,Facebook,Terminé
STU0185,23,Femme,Sousse,Python pour Data,Data,Ahmed Mansour,2025-02-07,2025-02-28,40,Présentiel,900,100,800.0,Payé,68.7,75.1,Oui,4.5,Recommandation,Terminé
STU0186,35,Femme,Tunis,Power BI,Business Intelligence,Mehdi Jlassi,2025-08-01,2025-08-25,30,Hybride,600,100,500.0,Payé,89.5,72.0,Oui,4.3,Google,Terminé
STU0187,32,Homme,Sousse,Data Analytics,Data,Ahmed Mansour,2025-04-21,2025-05-18,72,Présentiel,1800,0,1800.0,Payé,100.0,100.0,Oui,4.4,Recommandation,Terminé
STU0188,19,Femme,Sousse,Cybersécurité,IT,Youssef Trabelsi,2025-06-16,2025-07-13,48,En ligne,1100,0,1100.0,Payé,79.6,67.5,Oui,4.5,Facebook,Terminé
STU0189,32,Homme,Monastir,Cybersécurité,IT,Sarra Gharbi,2026-04-19,2026-05-06,48,Hybride,1100,50,430.0,Partiel,92.1,88.6,Oui,4.0,Instagram,Terminé
STU0190,37,Femme,Monastir,Excel Avancé,Bureautique,Amira Ben Salem,2025-06-17,2025-07-08,24,En ligne,450,50,0.0,Impayé,86.7,75.1,Oui,2.9,Recommandation,Terminé
STU0191,30,Homme,Sfax,Intelligence Artificielle,IA,Amira Ben Salem,2026-06-03,2026-06-19,45,Présentiel,1200,100,1100.0,Payé,30.2,67.1,Non,3.8,Google,Abandonné
STU0192,21,Homme,Tunis,Power BI,Business Intelligence,Mehdi Jlassi,2025-02-28,2025-03-03,30,En ligne,600,0,600.0,Payé,64.4,85.4,Oui,3.7,Instagram,Terminé
STU0193,30,Homme,Sfax,Power BI,Business Intelligence,Mehdi Jlassi,2026-04-22,2026-05-18,30,Présentiel,600,300,300.0,Payé,31.4,,Non,2.6,Instagram,Abandonné
STU0194,29,Femme,Monastir,Python pour Data,Data,Sarra Gharbi,2026-01-22,2026-02-03,40,Présentiel,900,50,850.0,Payé,86.9,85.4,Oui,5.0,LinkedIn,Terminé
STU0195,20,Homme,Sousse,Data Analytics,Data,Sarra Gharbi,2026-08-19,2026-08-24,72,Présentiel,1800,100,1700.0,Payé,86.5,90.1,Non,4.8,Recommandation,En cours
STU0196,36,Homme,Sousse,Power BI,Business Intelligence,Mehdi Jlassi,2026-07-14,2026-08-06,30,Présentiel,600,0,600.0,Payé,43.9,,Non,3.5,WhatsApp,Abandonné
STU0197,28,Homme,Sousse,Python pour Data,Data,Amira Ben Salem,2026-01-05,2026-02-03,40,En ligne,900,50,850.0,Payé,46.3,,Non,3.0,Événement,Abandonné
STU0198,42,Homme,Sousse,Data Analytics,Data,Amira Ben Salem,2025-05-31,2025-06-17,72,En ligne,1800,150,1650.0,Payé,100.0,76.3,Oui,3.6,Facebook,Terminé
STU0199,34,Homme,Sousse,Python pour Data,Data,Mehdi Jlassi,2025-10-02,2025-10-08,40,Hybride,900,200,700.0,Payé,100.0,68.6,Oui,4.3,Google,Terminé
STU0200,23,Femme,Mahdia,Intelligence Artificielle,IA,Amira Ben Salem,2026-07-03,2026-07-14,45,En ligne,1200,0,1200.0,Payé,49.9,52.7,Non,4.0,LinkedIn,Abandonné
STU0201,26,Femme,Sidi Bouzid,Data Analytics,Data,Mehdi Jlassi,2025-09-13,2025-09-22,72,En ligne,1800,0,1800.0,Payé,100.0,92.7,Oui,4.1,Facebook,Terminé
STU0202,19,Femme,Sousse,Power BI,Business Intelligence,Nour Ben Ali,2025-08-30,2025-09-08,30,Présentiel,600,150,450.0,Payé,92.6,77.8,Oui,5.0,Facebook,Terminé
STU0203,43,Femme,Sidi Bouzid,UI/UX Design,Design,Nour Ben Ali,2025-11-07,2025-11-23,36,Présentiel,700,200,500.0,Payé,56.2,59.8,Oui,4.4,WhatsApp,Terminé
STU0204,36,Femme,Sousse,Cybersécurité,IT,Amira Ben Salem,2025-03-17,2025-04-11,48,Hybride,1100,50,1050.0,Payé,54.2,57.8,Oui,4.1,Recommandation,Terminé
STU0205,23,Femme,Tunis,Power BI,Business Intelligence,Nour Ben Ali,2025-01-18,2025-02-11,30,En ligne,600,100,200.0,Partiel,100.0,73.1,Oui,3.0,WhatsApp,Terminé
STU0206,21,Femme,Tunis,Développement Web,Développement,Sarra Gharbi,2025-04-28,2025-05-15,60,Présentiel,800,150,650.0,Payé,84.7,78.9,Oui,4.2,Facebook,Terminé
STU0207,22,Homme,Sousse,Excel Avancé,Bureautique,Amira Ben Salem,2025-04-03,2025-04-21,24,Présentiel,450,300,150.0,Payé,52.6,62.7,Non,4.0,LinkedIn,Abandonné
STU0208,37,Homme,Sidi Bouzid,Intelligence Artificielle,IA,Sarra Gharbi,2026-01-22,2026-02-08,45,En ligne,1200,200,1000.0,Payé,58.7,65.6,Non,2.3,Google,Abandonné
STU0209,26,Femme,Monastir,Excel Avancé,Bureautique,Amira Ben Salem,2026-03-05,2026-03-22,24,En ligne,450,50,180.0,Partiel,78.4,70.8,Oui,3.7,Google,Terminé
STU0210,26,Homme,Nabeul,Data Analytics,Data,Nour Ben Ali,2025-03-23,2025-03-27,72,Présentiel,1800,50,1750.0,Payé,94.2,72.7,Oui,4.1,Recommandation,Terminé
STU0211,18,Femme,Tunis,Intelligence Artificielle,IA,Youssef Trabelsi,2025-03-03,2025-03-22,45,Hybride,1200,0,1200.0,Payé,63.8,56.8,Oui,4.3,Instagram,Terminé
STU0212,39,Homme,Tunis,Développement Web,Développement,Sarra Gharbi,2026-04-30,2026-05-21,60,En ligne,800,100,480.0,Partiel,53.3,51.8,Oui,4.5,Recommandation,Terminé
STU0213,33,Homme,Kairouan,UI/UX Design,Design,Youssef Trabelsi,2026-03-21,2026-04-05,36,En ligne,700,100,600.0,Payé,100.0,99.1,Oui,3.0,Recommandation,Terminé
STU0214,31,Homme,Monastir,Excel Avancé,Bureautique,Sarra Gharbi,2025-11-14,2025-12-03,24,En ligne,450,0,450.0,Payé,54.7,,Non,4.0,,Abandonné
STU0215,32,Femme,Sfax,Intelligence Artificielle,IA,Mehdi Jlassi,2025-12-06,2026-01-03,45,En ligne,1200,100,1100.0,Payé,64.2,54.3,Oui,2.9,Recommandation,Terminé
STU0216,26,Homme,Sousse,Data Analytics,Data,Mehdi Jlassi,2026-05-19,2026-05-29,72,En ligne,1800,150,1650.0,Payé,88.4,98.8,Oui,3.7,Instagram,Terminé
STU0217,47,Femme,Tunis,Excel Avancé,Bureautique,Nour Ben Ali,2026-05-14,2026-06-07,24,Hybride,450,100,350.0,Payé,66.7,78.6,Oui,3.3,WhatsApp,Terminé
STU0218,39,Femme,Kairouan,Intelligence Artificielle,IA,Nour Ben Ali,2025-05-05,2025-05-17,45,En ligne,1200,0,1200.0,Payé,90.2,81.0,Oui,3.8,LinkedIn,Terminé
STU0219,41,Homme,Tunis,Data Analytics,Data,Sarra Gharbi,2026-07-17,2026-08-09,72,Présentiel,1800,300,1500.0,Payé,58.7,,Non,3.6,Recommandation,Abandonné
STU0220,33,Femme,Monastir,Développement Web,Développement,Amira Ben Salem,2025-07-01,2025-07-13,60,En ligne,800,100,700.0,Payé,79.9,81.8,Oui,4.5,Recommandation,Terminé
STU0221,19,Homme,Sousse,Data Analytics,Data,Sarra Gharbi,2025-02-12,2025-03-01,72,En ligne,1800,200,1600.0,Payé,100.0,73.2,Oui,5.0,Facebook,Terminé
STU0222,31,Homme,Monastir,Développement Web,Développement,Nour Ben Ali,2025-10-23,2025-11-20,60,Présentiel,800,0,350.0,Partiel,48.7,,Non,3.0,Facebook,Abandonné
STU0223,35,Homme,Sousse,Intelligence Artificielle,IA,Amira Ben Salem,2025-09-21,2025-10-08,45,Hybride,1200,200,0.0,Impayé,73.8,68.4,Oui,3.8,Recommandation,Terminé
STU0224,27,Femme,Sousse,Excel Avancé,Bureautique,Mehdi Jlassi,2026-07-18,2026-08-04,24,Présentiel,450,0,220.0,Partiel,72.3,68.9,Non,4.5,Instagram,En cours
STU0225,25,Femme,Tunis,Power BI,Business Intelligence,Nour Ben Ali,2025-03-27,2025-04-02,30,En ligne,600,0,600.0,Payé,77.4,82.0,Oui,3.9,Facebook,Terminé
STU0226,33,Homme,Sousse,Python pour Data,Data,Mehdi Jlassi,2025-12-21,2026-01-04,40,En ligne,900,0,900.0,Payé,58.8,53.3,Oui,4.1,LinkedIn,Terminé
STU0227,28,Femme,Sidi Bouzid,Excel Avancé,Bureautique,Amira Ben Salem,2026-02-03,2026-02-15,24,En ligne,450,0,230.0,Partiel,73.7,83.8,Non,4.2,Recommandation,En cours
STU0228,41,Femme,Tunis,Data Analytics,Data,Sarra Gharbi,2025-02-17,2025-03-09,72,Hybride,1800,0,1350.0,Partiel,81.0,66.3,Oui,5.0,Instagram,Terminé
STU0229,41,Femme,Kairouan,Excel Avancé,Bureautique,Amira Ben Salem,2025-07-06,2025-07-14,24,Présentiel,450,0,450.0,Payé,83.0,72.8,Oui,4.3,Événement,Terminé
STU0230,30,Homme,Monastir,Power BI,Business Intelligence,Sarra Gharbi,2026-01-22,2026-02-20,30,Présentiel,600,0,0.0,Impayé,92.8,86.0,Oui,5.0,Google,Terminé
STU0231,30,Homme,Monastir,Data Analytics,Data,Youssef Trabelsi,2025-10-03,2025-10-25,72,En ligne,1800,150,1650.0,Payé,60.3,61.8,Oui,3.4,Recommandation,Terminé
STU0232,21,Femme,Mahdia,Python pour Data,Data,Amira Ben Salem,2025-09-29,2025-10-24,40,Présentiel,900,50,850.0,Payé,73.3,91.5,Non,3.2,Instagram,En cours
STU0233,26,Femme,Sousse,Power BI,Business Intelligence,Ahmed Mansour,2025-05-23,2025-06-03,30,Présentiel,600,50,550.0,Payé,87.0,72.5,Oui,4.4,LinkedIn,Terminé
STU0234,33,Femme,Tunis,Excel Avancé,Bureautique,Amira Ben Salem,2025-03-13,2025-04-11,24,Présentiel,450,0,450.0,Payé,91.8,93.2,Oui,3.8,Recommandation,Terminé
STU0235,23,Homme,Monastir,Data Analytics,Data,Youssef Trabelsi,2026-05-08,2026-05-29,72,Hybride,1800,100,1700.0,Payé,91.9,71.9,Oui,4.6,Instagram,Terminé
STU0236,32,Femme,Monastir,Cybersécurité,IT,Youssef Trabelsi,2026-07-04,2026-07-29,48,En ligne,1100,100,1000.0,Payé,84.5,51.8,Oui,,Instagram,Terminé
STU0237,32,Femme,Tunis,Python pour Data,Data,Mehdi Jlassi,2025-07-29,2025-08-16,40,En ligne,900,200,700.0,Payé,100.0,91.0,Oui,4.0,Facebook,Terminé
STU0238,20,Homme,Tunis,Data Analytics,Data,Mehdi Jlassi,2025-03-14,2025-04-11,72,En ligne,1800,100,1700.0,Payé,85.9,67.9,Oui,3.8,Facebook,Terminé
STU0239,27,Homme,Sousse,Cybersécurité,IT,Youssef Trabelsi,2025-05-20,2025-06-14,48,En ligne,1100,0,1100.0,Payé,100.0,77.1,Oui,3.9,Google,Terminé
STU0240,36,Homme,Sousse,Cybersécurité,IT,Nour Ben Ali,2025-05-23,2025-06-20,48,En ligne,1100,0,1100.0,Payé,85.8,61.6,Oui,5.0,Facebook,Terminé
STU0241,26,Homme,Sfax,Python pour Data,Data,Mehdi Jlassi,2025-07-11,2025-07-16,40,Hybride,900,50,850.0,Payé,91.3,86.8,Oui,4.2,Google,Terminé
STU0242,23,Homme,Sousse,Intelligence Artificielle,IA,Ahmed Mansour,2025-01-30,2025-02-12,45,Hybride,1200,100,0.0,Impayé,53.4,40.3,Non,3.8,Google,Abandonné
STU0243,25,Femme,Sfax,Python pour Data,Data,Amira Ben Salem,2025-07-10,2025-07-22,40,Présentiel,900,0,900.0,Payé,80.1,78.4,Oui,4.4,Facebook,Terminé
STU0244,24,Femme,Sousse,Power BI,Business Intelligence,Mehdi Jlassi,2025-06-12,2025-06-28,30,Présentiel,600,0,280.0,Partiel,95.5,84.2,Oui,3.4,Instagram,Terminé
STU0245,27,Homme,Mahdia,Data Analytics,Data,Sarra Gharbi,2026-03-24,2026-04-13,72,Présentiel,1800,300,1500.0,Payé,72.1,88.5,Oui,4.5,Facebook,Terminé
STU0246,33,Homme,Sousse,Data Analytics,Data,Youssef Trabelsi,2026-03-08,2026-03-22,72,Présentiel,1800,150,1650.0,Payé,84.0,58.5,Oui,5.0,LinkedIn,Terminé
STU0247,42,Homme,Sousse,Power BI,Business Intelligence,Sarra Gharbi,2025-07-09,2025-07-15,30,Présentiel,600,50,550.0,Payé,70.9,52.2,Oui,4.4,Facebook,Terminé
STU0248,31,Homme,Mahdia,Cybersécurité,IT,Sarra Gharbi,2026-04-03,2026-04-11,48,En ligne,1100,100,420.0,Partiel,78.7,64.8,Oui,5.0,Recommandation,Terminé
STU0249,38,Femme,Tunis,Excel Avancé,Bureautique,Youssef Trabelsi,2026-02-28,2026-03-28,24,Hybride,450,50,400.0,Payé,83.8,83.0,Oui,3.0,Facebook,Terminé
STU0250,28,Homme,Tunis,Power BI,Business Intelligence,Mehdi Jlassi,2025-07-12,2025-08-03,30,En ligne,600,0,0.0,Impayé,87.5,68.3,Oui,5.0,Google,Terminé
STU0251,18,Femme,Sousse,Data Analytics,Data,Nour Ben Ali,2025-02-16,2025-03-10,72,Présentiel,1800,100,1700.0,Payé,64.2,52.6,Oui,4.0,WhatsApp,Terminé
STU0252,22,Femme,Sfax,Intelligence Artificielle,IA,Sarra Gharbi,2026-04-04,2026-04-17,45,En ligne,1200,200,1000.0,Payé,79.1,71.8,Oui,4.3,Facebook,Terminé
STU0253,26,Femme,Kairouan,Power BI,Business Intelligence,Amira Ben Salem,2025-12-30,2026-01-12,30,En ligne,600,0,0.0,Impayé,63.9,66.3,Oui,3.8,WhatsApp,Terminé
STU0254,36,Femme,Mahdia,Python pour Data,Data,Ahmed Mansour,2025-01-12,2025-01-27,40,Présentiel,900,200,540.0,Partiel,68.7,61.2,Oui,4.6,LinkedIn,Terminé
STU0255,18,Homme,Sousse,Data Analytics,Data,Nour Ben Ali,2025-06-29,2025-07-29,72,Présentiel,1800,150,1650.0,Payé,74.1,69.2,Oui,5.0,Recommandation,Terminé
STU0256,23,Homme,Monastir,Data Analytics,Data,Youssef Trabelsi,2025-08-12,2025-08-30,72,En ligne,1800,0,830.0,Partiel,69.6,71.6,Oui,4.9,Instagram,Terminé
STU0257,19,Femme,Sousse,Cybersécurité,IT,Ahmed Mansour,2025-08-27,2025-09-13,48,Présentiel,1100,200,900.0,Payé,66.0,77.1,Oui,4.5,Recommandation,Terminé
STU0258,39,Femme,Sousse,Intelligence Artificielle,IA,Ahmed Mansour,2025-05-27,2025-06-08,45,Hybride,1200,150,1050.0,Payé,31.3,,Non,3.9,Facebook,Abandonné
STU0259,34,Homme,Sousse,Python pour Data,Data,Amira Ben Salem,2025-12-07,2025-12-13,40,Hybride,900,100,800.0,Payé,57.5,43.5,Oui,4.3,Recommandation,Terminé
STU0260,37,Homme,Monastir,Data Analytics,Data,Sarra Gharbi,2025-10-23,2025-11-12,72,En ligne,1800,100,1700.0,Payé,90.3,74.0,Oui,4.7,Facebook,Terminé
STU0261,34,Femme,Sousse,Développement Web,Développement,Ahmed Mansour,2025-10-25,2025-11-04,60,En ligne,800,0,800.0,Payé,100.0,97.6,Oui,5.0,Facebook,Terminé
STU0262,31,Femme,Nabeul,Data Analytics,Data,Ahmed Mansour,2026-02-28,2026-03-11,72,Présentiel,1800,50,1750.0,Payé,73.0,58.2,Oui,5.0,LinkedIn,Terminé
STU0263,30,Femme,Mahdia,Power BI,Business Intelligence,Nour Ben Ali,2025-05-08,2025-06-05,30,En ligne,600,50,550.0,Payé,83.0,80.0,Oui,3.7,LinkedIn,Terminé
STU0264,29,Homme,Sfax,Intelligence Artificielle,IA,Nour Ben Ali,2025-05-03,2025-05-21,45,Hybride,1200,0,1200.0,Payé,84.0,88.7,Oui,5.0,Facebook,Terminé
STU0265,37,Homme,Tunis,Intelligence Artificielle,IA,Amira Ben Salem,2025-11-06,2025-11-23,45,Présentiel,1200,50,1150.0,Payé,65.8,73.7,Oui,3.9,Facebook,Terminé
STU0266,33,Femme,Sousse,Power BI,Business Intelligence,Ahmed Mansour,2025-10-18,2025-10-25,30,En ligne,600,50,550.0,Payé,57.2,62.9,Oui,3.6,WhatsApp,Terminé
STU0267,26,Femme,Sousse,Power BI,Business Intelligence,Sarra Gharbi,2025-02-23,2025-03-23,30,Présentiel,600,0,600.0,Payé,79.2,72.2,Oui,4.8,Événement,Terminé
STU0268,37,Homme,Sfax,Power BI,Business Intelligence,Nour Ben Ali,2026-04-20,2026-05-04,30,Présentiel,600,100,500.0,Payé,44.8,64.3,Non,3.6,Recommandation,Abandonné
STU0269,25,Homme,Kairouan,Data Analytics,Data,Youssef Trabelsi,2025-01-26,2025-02-20,72,Présentiel,1800,100,1700.0,Payé,59.4,53.5,Oui,4.2,Facebook,Terminé
STU0270,18,Homme,Kairouan,Développement Web,Développement,Mehdi Jlassi,2026-01-04,2026-01-16,60,Présentiel,800,0,310.0,Partiel,85.4,76.8,Oui,4.4,Instagram,Terminé
STU0271,23,Homme,Monastir,UI/UX Design,Design,Nour Ben Ali,2026-08-24,2026-09-17,36,En ligne,700,0,700.0,Payé,97.1,83.6,Oui,4.4,WhatsApp,Terminé
STU0272,35,Homme,Tunis,Power BI,Business Intelligence,Amira Ben Salem,2025-02-23,2025-03-16,30,En ligne,600,0,450.0,Partiel,54.6,49.6,Oui,4.1,Instagram,Terminé
STU0273,40,Femme,Tunis,Python pour Data,Data,Mehdi Jlassi,2025-06-18,2025-06-30,40,Présentiel,900,50,850.0,Payé,100.0,100.0,Oui,5.0,Instagram,Terminé
STU0274,20,Homme,Sousse,Data Analytics,Data,Mehdi Jlassi,2025-06-27,2025-07-08,72,Présentiel,1800,0,1800.0,Payé,77.3,68.6,Oui,3.8,LinkedIn,Terminé
STU0275,20,Femme,Kairouan,Développement Web,Développement,Ahmed Mansour,2026-02-25,2026-03-16,60,En ligne,800,100,700.0,Payé,85.7,73.0,Oui,2.9,WhatsApp,Terminé
STU0276,18,Femme,Sfax,Power BI,Business Intelligence,Youssef Trabelsi,2026-01-25,2026-02-02,30,Présentiel,600,100,0.0,Impayé,68.9,66.2,Oui,5.0,Événement,Terminé
STU0277,32,Femme,Kairouan,Data Analytics,Data,Sarra Gharbi,2025-04-27,2025-05-14,72,Présentiel,1800,100,1700.0,Payé,98.7,80.9,Oui,4.0,Facebook,Terminé
STU0278,25,Femme,Sousse,UI/UX Design,Design,Mehdi Jlassi,2026-03-26,2026-04-09,36,Présentiel,700,200,500.0,Payé,88.1,51.0,Oui,3.2,LinkedIn,Terminé
STU0279,26,Femme,Tunis,Excel Avancé,Bureautique,Nour Ben Ali,2025-07-16,2025-07-28,24,Présentiel,450,0,450.0,Payé,66.7,68.4,Oui,,Google,Terminé
STU0280,32,Femme,Monastir,Data Analytics,Data,Nour Ben Ali,2025-05-27,2025-06-01,72,Présentiel,1800,0,1800.0,Payé,73.7,68.2,Oui,4.3,Google,Terminé
STU0281,41,Homme,Monastir,Data Analytics,Data,Mehdi Jlassi,2025-08-14,2025-08-25,72,Hybride,1800,200,1600.0,Payé,100.0,54.9,Oui,5.0,Facebook,Terminé
STU0282,34,Homme,Sidi Bouzid,Python pour Data,Data,Ahmed Mansour,2025-06-20,2025-06-28,40,En ligne,900,100,800.0,Payé,81.0,84.9,Oui,2.8,Recommandation,Terminé
STU0283,20,Femme,Tunis,Développement Web,Développement,Mehdi Jlassi,2025-09-06,2025-09-10,60,Présentiel,800,0,800.0,Payé,100.0,84.6,Non,4.5,Instagram,En cours
STU0284,19,Homme,Sousse,Python pour Data,Data,Nour Ben Ali,2025-04-24,2025-05-11,40,Présentiel,900,0,900.0,Payé,88.6,83.6,Oui,3.9,Google,Terminé
STU0285,31,Femme,Sidi Bouzid,Power BI,Business Intelligence,Ahmed Mansour,2025-10-16,2025-11-06,30,Présentiel,600,100,500.0,Payé,81.2,68.2,Oui,5.0,Recommandation,Terminé
STU0286,30,Homme,Nabeul,Développement Web,Développement,Mehdi Jlassi,2025-03-26,2025-04-23,60,Présentiel,800,200,600.0,Payé,74.8,86.0,Oui,3.4,Recommandation,Terminé
STU0287,40,Femme,Tunis,Power BI,Business Intelligence,Youssef Trabelsi,2025-03-29,2025-04-19,30,En ligne,600,200,400.0,Payé,100.0,82.0,Oui,3.1,LinkedIn,Terminé
STU0288,24,Femme,Monastir,Power BI,Business Intelligence,Ahmed Mansour,2025-04-11,2025-05-05,30,Présentiel,600,50,550.0,Payé,100.0,87.8,Oui,5.0,Instagram,Terminé
STU0289,36,Femme,Monastir,Python pour Data,Data,Sarra Gharbi,2025-08-13,2025-09-08,40,Hybride,900,0,900.0,Payé,70.2,58.7,Oui,5.0,Facebook,Terminé
STU0290,28,Femme,Monastir,Développement Web,Développement,Sarra Gharbi,2025-01-25,2025-02-12,60,Présentiel,800,0,800.0,Payé,58.7,53.4,Oui,3.4,Recommandation,Terminé
STU0291,20,Homme,Monastir,Excel Avancé,Bureautique,Sarra Gharbi,2026-07-05,2026-07-17,24,Présentiel,450,150,300.0,Payé,55.8,67.7,Non,5.0,Google,En cours
STU0292,36,Femme,Sousse,Développement Web,Développement,Amira Ben Salem,2025-03-10,2025-04-04,60,Présentiel,800,100,700.0,Payé,78.0,74.5,Oui,4.2,Instagram,Terminé
STU0293,26,Homme,Tunis,Intelligence Artificielle,IA,Sarra Gharbi,2026-04-30,2026-05-12,45,Présentiel,1200,200,1000.0,Payé,77.9,95.1,Oui,4.2,Facebook,Terminé
STU0294,22,Femme,Nabeul,Intelligence Artificielle,IA,Mehdi Jlassi,2025-06-28,2025-07-05,45,En ligne,1200,150,1050.0,Payé,60.0,52.4,Oui,4.0,WhatsApp,Terminé
STU0295,29,Femme,Tunis,Développement Web,Développement,Sarra Gharbi,2026-04-12,2026-04-29,60,En ligne,800,200,600.0,Payé,63.0,69.9,Oui,4.4,Recommandation,Terminé
STU0296,32,Homme,,Intelligence Artificielle,IA,Mehdi Jlassi,2025-08-20,2025-09-10,45,En ligne,1200,0,1200.0,Payé,33.0,59.5,Non,2.4,WhatsApp,Abandonné
STU0297,31,Homme,Tunis,Data Analytics,Data,Youssef Trabelsi,2026-01-18,2026-02-08,72,En ligne,1800,0,1800.0,Payé,83.8,75.4,Oui,4.1,Recommandation,Terminé
STU0298,36,Homme,Nabeul,Power BI,Business Intelligence,Mehdi Jlassi,2025-02-04,2025-03-05,30,En ligne,600,100,500.0,Payé,72.8,78.6,Non,3.9,Facebook,En cours
STU0299,32,Homme,Sfax,Data Analytics,Data,Sarra Gharbi,2026-01-18,2026-02-06,72,Présentiel,1800,50,1750.0,Payé,75.7,75.6,Oui,4.4,LinkedIn,Terminé
STU0300,38,Femme,Kairouan,Excel Avancé,Bureautique,Youssef Trabelsi,2026-05-17,2026-06-02,24,En ligne,450,0,180.0,Partiel,42.4,59.7,Non,2.6,Facebook,Abandonné
STU0301,28,Femme,Sousse,Cybersécurité,IT,Youssef Trabelsi,2026-05-17,2026-05-26,48,En ligne,1100,200,0.0,Impayé,83.7,100.0,Oui,5.0,Facebook,Terminé
STU0302,30,Homme,Tunis,Power BI,Business Intelligence,Sarra Gharbi,2026-04-30,2026-05-18,30,Présentiel,600,200,400.0,Payé,74.7,61.6,Oui,4.4,Google,Terminé
STU0303,38,Femme,Kairouan,UI/UX Design,Design,Sarra Gharbi,2025-06-14,2025-06-24,36,Présentiel,700,50,450.0,Partiel,92.3,87.7,Oui,5.0,Facebook,Terminé
STU0304,31,Femme,Sfax,Intelligence Artificielle,IA,Sarra Gharbi,2025-02-28,2025-03-03,45,Présentiel,1200,100,1100.0,Payé,90.2,77.7,Oui,3.9,Facebook,Terminé
STU0305,29,Homme,Kairouan,Python pour Data,Data,Youssef Trabelsi,2025-03-12,2025-04-07,40,Présentiel,900,0,480.0,Partiel,100.0,65.3,Oui,4.5,Recommandation,Terminé
STU0306,30,Homme,Tunis,Excel Avancé,Bureautique,Mehdi Jlassi,2025-05-08,2025-05-30,24,Hybride,450,200,250.0,Payé,59.7,54.4,Oui,3.7,Facebook,Terminé
STU0307,24,Femme,Kairouan,Python pour Data,Data,Amira Ben Salem,2026-07-08,2026-07-12,40,Hybride,900,200,700.0,Payé,60.4,77.3,Non,3.5,Instagram,En cours
STU0308,21,Femme,Sousse,Développement Web,Développement,Nour Ben Ali,2026-04-22,2026-04-30,60,En ligne,800,0,800.0,Payé,94.9,79.1,Oui,4.3,Facebook,Terminé
STU0309,27,Femme,Sousse,Python pour Data,Data,Mehdi Jlassi,2025-01-16,2025-01-25,40,Présentiel,900,100,520.0,Partiel,84.8,65.8,Oui,4.5,Instagram,Terminé
STU0310,23,Femme,Sidi Bouzid,Power BI,Business Intelligence,Youssef Trabelsi,2026-04-06,2026-04-15,30,Présentiel,600,0,600.0,Payé,86.4,85.7,Oui,4.4,Facebook,Terminé
STU0311,29,Homme,Tunis,Python pour Data,Data,Sarra Gharbi,2026-02-17,2026-02-21,40,Présentiel,900,50,850.0,Payé,98.8,100.0,Oui,4.3,Recommandation,Terminé
STU0312,30,Homme,Mahdia,UI/UX Design,Design,Mehdi Jlassi,2025-05-06,2025-06-05,36,En ligne,700,0,700.0,Payé,98.7,76.6,Oui,3.7,Google,Terminé
STU0313,21,Homme,Sousse,Développement Web,Développement,Youssef Trabelsi,2025-10-19,2025-11-08,60,Présentiel,800,200,600.0,Payé,100.0,98.3,Oui,3.4,Google,Terminé
STU0314,30,Femme,Tunis,Power BI,Business Intelligence,Amira Ben Salem,2025-08-17,2025-09-13,30,Présentiel,600,0,250.0,Partiel,74.5,59.1,Oui,4.1,Facebook,Terminé
STU0315,33,Homme,Kairouan,Cybersécurité,IT,Youssef Trabelsi,2026-07-08,2026-07-26,48,En ligne,1100,0,1100.0,Payé,71.5,55.0,Oui,4.4,LinkedIn,Terminé
STU0316,49,Homme,Sousse,Data Analytics,Data,Ahmed Mansour,2025-09-04,2025-09-25,72,Présentiel,1800,0,1800.0,Payé,82.8,96.6,Oui,4.1,Instagram,Terminé
STU0317,18,Femme,Tunis,Excel Avancé,Bureautique,Youssef Trabelsi,2025-12-21,2025-12-31,24,En ligne,450,150,220.0,Partiel,88.3,79.7,Oui,4.5,Google,Terminé
STU0318,28,Homme,Tunis,Power BI,Business Intelligence,Ahmed Mansour,2025-12-02,2025-12-11,30,En ligne,600,150,450.0,Payé,74.6,55.2,Oui,4.3,Instagram,Terminé
STU0319,22,Homme,Monastir,Python pour Data,Data,Youssef Trabelsi,2025-10-09,2025-11-01,40,En ligne,900,0,900.0,Payé,48.4,67.7,Oui,4.5,Facebook,Terminé
STU0320,40,Homme,Nabeul,Intelligence Artificielle,IA,Nour Ben Ali,2025-08-26,2025-09-03,45,En ligne,1200,50,1150.0,Payé,90.6,83.1,Oui,4.9,Instagram,Terminé
STU0321,18,Homme,Sousse,Python pour Data,Data,Sarra Gharbi,2026-01-13,2026-01-20,40,Présentiel,900,100,800.0,Payé,87.0,100.0,Oui,4.5,Recommandation,Terminé
STU0322,33,Homme,Sfax,Data Analytics,Data,Mehdi Jlassi,2025-12-30,2026-01-24,72,Présentiel,1800,0,1800.0,Payé,57.6,57.9,Oui,3.7,Événement,Terminé
STU0323,26,Homme,Nabeul,Développement Web,Développement,Amira Ben Salem,2025-11-26,2025-11-30,60,En ligne,800,0,800.0,Payé,67.7,65.5,Oui,2.8,WhatsApp,Terminé
STU0324,23,Homme,Sidi Bouzid,Power BI,Business Intelligence,Youssef Trabelsi,2026-04-05,2026-04-21,30,Présentiel,600,200,400.0,Payé,76.6,80.1,Oui,,Recommandation,Terminé
STU0325,18,Homme,Kairouan,UI/UX Design,Design,Youssef Trabelsi,2026-01-10,2026-02-07,36,Hybride,700,0,700.0,Payé,71.6,62.6,Oui,4.3,Instagram,Terminé
STU0326,24,Femme,Tunis,Power BI,Business Intelligence,Ahmed Mansour,2025-12-18,2026-01-01,30,En ligne,600,0,600.0,Payé,71.2,69.3,Oui,3.2,Recommandation,Terminé
STU0327,37,Femme,Tunis,Développement Web,Développement,Youssef Trabelsi,2026-02-06,2026-02-22,60,Présentiel,800,0,800.0,Payé,79.2,83.0,Oui,4.3,Instagram,Terminé
STU0328,30,Femme,Sousse,Cybersécurité,IT,Youssef Trabelsi,2025-10-02,2025-10-30,48,En ligne,1100,150,950.0,Payé,35.7,,Non,2.0,Google,Abandonné
STU0329,23,Homme,Monastir,Python pour Data,Data,Sarra Gharbi,2025-04-18,2025-05-18,40,En ligne,900,100,800.0,Payé,66.0,71.0,Oui,4.7,Facebook,Terminé
STU0330,26,Homme,,Excel Avancé,Bureautique,Sarra Gharbi,2025-11-26,2025-12-18,24,Présentiel,450,100,240.0,Partiel,80.8,69.7,Oui,3.7,LinkedIn,Terminé
STU0331,22,Homme,Tunis,Développement Web,Développement,Nour Ben Ali,2025-08-09,2025-09-01,60,Présentiel,800,50,750.0,Payé,74.5,66.5,Oui,4.0,Recommandation,Terminé
STU0332,26,Femme,Tunis,Python pour Data,Data,Ahmed Mansour,2026-06-05,2026-06-19,40,En ligne,900,50,0.0,Impayé,82.6,89.8,Oui,5.0,WhatsApp,Terminé
STU0333,24,Homme,Sousse,Data Analytics,Data,Amira Ben Salem,2025-07-19,2025-07-26,72,Présentiel,1800,200,1600.0,Payé,44.4,61.6,Oui,3.8,Recommandation,Terminé
STU0334,21,Homme,Sfax,Power BI,Business Intelligence,Ahmed Mansour,2026-02-24,2026-03-03,30,En ligne,600,50,550.0,Payé,29.7,,Non,3.0,Événement,Abandonné
STU0335,41,Femme,Sousse,Développement Web,Développement,Youssef Trabelsi,2026-01-03,2026-02-01,60,Présentiel,800,0,800.0,Payé,77.2,82.7,Oui,4.3,Instagram,Terminé
STU0336,41,Femme,Monastir,Développement Web,Développement,Mehdi Jlassi,2025-08-27,2025-09-13,60,Présentiel,800,300,280.0,Partiel,46.6,,Non,1.1,,Abandonné
STU0337,31,Homme,Sousse,Python pour Data,Data,Amira Ben Salem,2026-08-11,2026-09-05,40,Hybride,900,0,900.0,Payé,80.8,80.9,Non,4.4,Instagram,En cours
STU0338,24,Femme,Monastir,Data Analytics,Data,Nour Ben Ali,2026-02-06,2026-02-22,72,Hybride,1800,0,1800.0,Payé,94.1,91.8,Oui,3.7,Recommandation,Terminé
STU0339,32,Femme,Nabeul,Data Analytics,Data,Nour Ben Ali,2026-01-29,2026-02-10,72,En ligne,1800,100,1700.0,Payé,79.7,76.5,Oui,3.8,Facebook,Terminé
STU0340,28,Homme,Tunis,Data Analytics,Data,Amira Ben Salem,2026-03-22,2026-04-04,72,Présentiel,1800,100,1330.0,Partiel,47.8,,Non,,Google,Abandonné
STU0341,18,Homme,Sousse,Python pour Data,Data,Nour Ben Ali,2025-01-19,2025-01-22,40,En ligne,900,300,600.0,Payé,77.2,73.3,Oui,3.7,Facebook,Terminé
STU0342,18,Femme,Sousse,Python pour Data,Data,Mehdi Jlassi,2026-01-06,2026-01-29,40,Présentiel,900,100,800.0,Payé,83.0,75.6,Oui,4.5,Événement,Terminé
STU0343,37,Homme,Sousse,Python pour Data,Data,Ahmed Mansour,2026-02-28,2026-03-15,40,En ligne,900,0,900.0,Payé,93.7,75.1,Oui,4.0,LinkedIn,Terminé
STU0344,30,Homme,Tunis,Développement Web,Développement,Nour Ben Ali,2026-06-06,2026-06-23,60,En ligne,800,0,310.0,Partiel,54.7,55.2,Oui,3.8,Facebook,Terminé
STU0345,35,Femme,Tunis,Intelligence Artificielle,IA,Ahmed Mansour,2026-02-06,2026-03-08,45,Hybride,1200,50,0.0,Impayé,86.6,88.0,Oui,4.0,Recommandation,Terminé
STU0346,23,Homme,Nabeul,Cybersécurité,IT,Sarra Gharbi,2025-05-30,2025-06-24,48,Présentiel,1100,0,1100.0,Payé,65.8,62.3,Oui,4.0,Instagram,Terminé
STU0347,29,Homme,Monastir,Intelligence Artificielle,IA,Mehdi Jlassi,2026-04-24,2026-05-15,45,En ligne,1200,100,1100.0,Payé,100.0,86.9,Oui,3.8,Google,Terminé
STU0348,32,Femme,Kairouan,Intelligence Artificielle,IA,Mehdi Jlassi,2025-03-15,2025-04-05,45,Présentiel,1200,0,1200.0,Payé,76.4,65.5,Oui,3.4,Facebook,Terminé
STU0349,21,Femme,Tunis,Data Analytics,Data,Sarra Gharbi,2025-10-04,2025-10-30,72,En ligne,1800,200,1600.0,Payé,71.7,66.8,Oui,4.8,Facebook,Terminé
STU0350,18,Femme,Sousse,Intelligence Artificielle,IA,Mehdi Jlassi,2026-02-24,2026-03-06,45,En ligne,1200,0,660.0,Partiel,71.4,61.5,Oui,4.6,Facebook,Terminé
STU0351,30,Homme,Mahdia,Data Analytics,Data,Amira Ben Salem,2026-05-08,2026-05-22,72,Hybride,1800,100,1700.0,Payé,85.9,51.7,Oui,3.5,Facebook,Terminé
STU0352,29,Homme,Sousse,Data Analytics,Data,Sarra Gharbi,2026-06-27,2026-07-10,72,En ligne,1800,50,1750.0,Payé,59.8,67.6,Oui,4.0,Recommandation,Terminé
STU0353,43,Femme,Tunis,Data Analytics,Data,Mehdi Jlassi,2025-03-11,2025-03-19,72,Présentiel,1800,150,1010.0,Partiel,56.8,57.0,Oui,4.3,Instagram,Terminé
STU0354,41,Femme,Sfax,Développement Web,Développement,Youssef Trabelsi,2026-08-14,2026-08-26,60,Présentiel,800,50,750.0,Payé,49.6,59.9,Non,3.6,Instagram,En cours
STU0355,32,Femme,Sousse,Développement Web,Développement,Mehdi Jlassi,2025-11-10,2025-11-25,60,En ligne,800,0,800.0,Payé,78.9,66.4,Oui,3.9,Recommandation,Terminé
STU0356,37,Homme,Sousse,Cybersécurité,IT,Nour Ben Ali,2025-06-28,2025-07-07,48,En ligne,1100,300,630.0,Partiel,31.2,50.4,Non,2.3,Facebook,Abandonné
STU0357,38,Femme,Sfax,Cybersécurité,IT,Mehdi Jlassi,2026-08-19,2026-08-24,48,Hybride,1100,0,1100.0,Payé,99.2,96.8,Oui,4.4,WhatsApp,Terminé
STU0358,34,Femme,Mahdia,Excel Avancé,Bureautique,Youssef Trabelsi,2025-12-12,2025-12-20,24,Hybride,450,0,450.0,Payé,79.9,71.7,Oui,3.8,Recommandation,Terminé
STU0359,32,Homme,Nabeul,Data Analytics,Data,Sarra Gharbi,2025-03-31,2025-04-28,72,En ligne,1800,100,1700.0,Payé,72.7,61.7,Oui,2.8,WhatsApp,Terminé
STU0360,27,Homme,Monastir,Power BI,Business Intelligence,Nour Ben Ali,2025-09-28,2025-10-26,30,En ligne,600,150,450.0,Payé,82.8,82.1,Oui,4.4,Recommandation,Terminé
STU0361,21,Homme,Sousse,Cybersécurité,IT,Amira Ben Salem,2025-03-14,2025-04-10,48,Présentiel,1100,100,1000.0,Payé,78.5,81.1,Oui,5.0,Événement,Terminé
STU0362,24,Femme,Sousse,Développement Web,Développement,Amira Ben Salem,2026-08-22,2026-09-03,60,En ligne,800,50,750.0,Payé,67.0,52.6,Non,3.4,Google,En cours
STU0363,30,Homme,Sfax,Intelligence Artificielle,IA,Ahmed Mansour,2026-07-31,2026-08-03,45,En ligne,1200,0,530.0,Partiel,31.4,,Non,3.3,Événement,Abandonné
STU0364,29,Homme,Sousse,Data Analytics,Data,Amira Ben Salem,2025-04-25,2025-05-01,72,En ligne,1800,50,1750.0,Payé,100.0,86.5,Oui,4.1,Facebook,Terminé
STU0365,18,Homme,Sousse,Power BI,Business Intelligence,Youssef Trabelsi,2026-03-31,2026-04-06,30,Hybride,600,100,500.0,Payé,87.4,66.6,Oui,4.5,Facebook,Terminé
STU0366,25,Homme,,Data Analytics,Data,Sarra Gharbi,2026-06-18,2026-07-14,72,En ligne,1800,100,1700.0,Payé,95.3,76.2,Oui,4.8,Facebook,Terminé
STU0367,36,Femme,Sousse,Développement Web,Développement,Sarra Gharbi,2025-03-14,2025-03-30,60,Présentiel,800,0,800.0,Payé,100.0,100.0,Oui,3.9,WhatsApp,Terminé
STU0368,22,Homme,Sidi Bouzid,UI/UX Design,Design,Mehdi Jlassi,2025-01-12,2025-01-17,36,Présentiel,700,100,600.0,Payé,53.0,,Non,2.4,Instagram,Abandonné
STU0369,25,Femme,Sidi Bouzid,Excel Avancé,Bureautique,Youssef Trabelsi,2026-03-17,2026-04-05,24,En ligne,450,200,250.0,Payé,68.9,75.5,Oui,3.4,Facebook,Terminé
STU0370,34,Homme,Sousse,Data Analytics,Data,Ahmed Mansour,2025-02-21,2025-02-28,72,Présentiel,1800,0,1800.0,Payé,74.6,77.6,Non,5.0,Recommandation,En cours
STU0371,30,Femme,Sidi Bouzid,Data Analytics,Data,Amira Ben Salem,2026-01-21,2026-01-26,72,Présentiel,1800,100,810.0,Partiel,100.0,70.9,Non,4.0,Facebook,En cours
STU0372,34,Femme,Kairouan,Data Analytics,Data,Sarra Gharbi,2026-01-18,2026-02-14,72,Présentiel,1800,150,1650.0,Payé,83.8,63.6,Oui,4.2,Recommandation,Terminé
STU0373,36,Femme,Tunis,Data Analytics,Data,Ahmed Mansour,2026-03-26,2026-04-08,72,Hybride,1800,100,1700.0,Payé,86.7,65.1,Oui,4.0,Google,Terminé
STU0374,23,Homme,Tunis,Excel Avancé,Bureautique,Amira Ben Salem,2025-04-25,2025-05-17,24,En ligne,450,100,350.0,Payé,73.3,56.6,Oui,5.0,Facebook,Terminé
STU0375,21,Homme,Sousse,Cybersécurité,IT,Amira Ben Salem,2025-08-17,2025-09-07,48,En ligne,1100,0,1100.0,Payé,100.0,83.6,Oui,4.3,Recommandation,Terminé
STU0376,29,Homme,Sidi Bouzid,Python pour Data,Data,Amira Ben Salem,2025-01-18,2025-02-07,40,Présentiel,900,0,900.0,Payé,72.7,72.6,Oui,4.5,LinkedIn,Terminé
STU0377,34,Homme,Sousse,Data Analytics,Data,Ahmed Mansour,2026-03-22,2026-04-19,72,En ligne,1800,200,1600.0,Payé,76.8,76.0,Oui,4.1,Recommandation,Terminé
STU0378,26,Femme,Sfax,Python pour Data,Data,Sarra Gharbi,2026-06-05,2026-06-22,40,Présentiel,900,50,850.0,Payé,69.8,64.7,Oui,4.1,Recommandation,Terminé
STU0379,24,Femme,Nabeul,Développement Web,Développement,Ahmed Mansour,2025-05-09,2025-06-07,60,Hybride,800,0,800.0,Payé,100.0,74.4,Oui,4.0,Facebook,Terminé
STU0380,30,Homme,Sidi Bouzid,Power BI,Business Intelligence,Ahmed Mansour,2025-12-17,2025-12-29,30,Hybride,600,200,400.0,Payé,62.4,55.7,Oui,4.0,Recommandation,Terminé
STU0381,31,Homme,Sidi Bouzid,Power BI,Business Intelligence,Mehdi Jlassi,2026-01-28,2026-02-05,30,Présentiel,600,150,340.0,Partiel,41.7,52.4,Non,4.0,Facebook,Abandonné
STU0382,24,Homme,Kairouan,Data Analytics,Data,Sarra Gharbi,2025-12-13,2026-01-01,72,Présentiel,1800,0,1800.0,Payé,89.7,81.2,Oui,4.1,Événement,Terminé
STU0383,29,Femme,Nabeul,Power BI,Business Intelligence,Nour Ben Ali,2025-02-07,2025-03-01,30,Hybride,600,100,500.0,Payé,74.8,88.4,Oui,4.2,Recommandation,Terminé
STU0384,30,Homme,Sousse,Développement Web,Développement,Nour Ben Ali,2025-07-24,2025-08-20,60,Hybride,800,150,650.0,Payé,80.5,39.7,Oui,4.2,LinkedIn,Terminé
STU0385,22,Femme,Kairouan,Python pour Data,Data,Mehdi Jlassi,2025-06-21,2025-07-02,40,Hybride,900,0,600.0,Partiel,83.3,75.6,Non,4.1,Facebook,En cours
STU0386,22,Homme,Sidi Bouzid,Data Analytics,Data,Nour Ben Ali,2025-03-01,2025-03-26,72,Présentiel,1800,50,1750.0,Payé,66.9,72.3,Oui,3.6,Instagram,Terminé
STU0387,33,Homme,Tunis,Python pour Data,Data,Nour Ben Ali,2026-04-11,2026-05-06,40,Hybride,900,0,610.0,Partiel,82.3,75.7,Oui,3.7,Instagram,Terminé
STU0388,30,Homme,Monastir,UI/UX Design,Design,Sarra Gharbi,2026-02-04,2026-03-04,36,Hybride,700,0,340.0,Partiel,92.4,64.3,Oui,4.0,Recommandation,Terminé
STU0389,36,Femme,Sousse,Data Analytics,Data,Sarra Gharbi,2026-02-08,2026-03-07,72,Présentiel,1800,0,1800.0,Payé,66.3,82.2,Oui,3.9,Instagram,Terminé
STU0390,26,Homme,Tunis,Data Analytics,Data,Nour Ben Ali,2025-09-30,2025-10-16,72,En ligne,1800,50,1750.0,Payé,87.4,84.9,Oui,4.0,Instagram,Terminé
STU0391,35,Femme,Sousse,Intelligence Artificielle,IA,Amira Ben Salem,2026-05-11,2026-05-20,45,Présentiel,1200,50,1150.0,Payé,66.6,57.7,Oui,3.8,Événement,Terminé
STU0392,22,Femme,Sousse,Intelligence Artificielle,IA,Sarra Gharbi,2026-08-25,2026-09-15,45,Présentiel,1200,50,490.0,Partiel,83.0,66.2,Oui,4.0,WhatsApp,Terminé
STU0393,46,Homme,Monastir,Python pour Data,Data,Mehdi Jlassi,2026-02-16,2026-03-01,40,En ligne,900,0,380.0,Partiel,78.9,82.6,Oui,4.8,Facebook,Terminé
STU0394,23,Femme,Tunis,Power BI,Business Intelligence,Nour Ben Ali,2025-08-31,2025-09-19,30,Présentiel,600,0,600.0,Payé,64.4,66.0,Oui,5.0,Événement,Terminé
STU0395,24,Homme,Sousse,Data Analytics,Data,Ahmed Mansour,2025-06-07,2025-06-26,72,Présentiel,1800,0,1800.0,Payé,68.8,59.9,Oui,4.0,Événement,Terminé
STU0396,29,Femme,Sidi Bouzid,Data Analytics,Data,Mehdi Jlassi,2026-04-11,2026-05-11,72,Hybride,1800,0,1800.0,Payé,94.6,69.5,Oui,4.1,Instagram,Terminé
STU0397,25,Femme,Tunis,Intelligence Artificielle,IA,Ahmed Mansour,2025-07-09,2025-07-18,45,Présentiel,1200,0,630.0,Partiel,86.9,67.3,Non,4.3,Google,En cours
STU0398,29,Femme,Tunis,Développement Web,Développement,Sarra Gharbi,2026-04-16,2026-04-25,60,Hybride,800,100,700.0,Payé,93.1,73.1,Oui,3.7,Recommandation,Terminé
STU0399,25,Femme,Sousse,Power BI,Business Intelligence,Sarra Gharbi,2025-03-15,2025-03-21,30,En ligne,600,100,500.0,Payé,76.2,88.5,Oui,4.9,WhatsApp,Terminé
STU0400,27,Homme,Kairouan,Data Analytics,Data,Sarra Gharbi,2025-08-09,2025-09-07,72,En ligne,1800,0,1800.0,Payé,84.4,100.0,Oui,4.9,Événement,Terminé
STU0401,26,Homme,Monastir,Power BI,Business Intelligence,Amira Ben Salem,2026-05-25,2026-06-04,30,En ligne,600,0,600.0,Payé,87.6,78.5,Oui,3.5,Recommandation,Terminé
STU0402,36,Homme,Tunis,Intelligence Artificielle,IA,Sarra Gharbi,2026-07-15,2026-07-31,45,Présentiel,1200,0,1200.0,Payé,66.3,43.7,Non,3.5,Recommandation,En cours
STU0403,31,Homme,Sousse,Excel Avancé,Bureautique,Nour Ben Ali,2025-07-24,2025-08-16,24,Présentiel,450,0,450.0,Payé,53.1,62.4,Oui,3.8,WhatsApp,Terminé
STU0404,18,Homme,Tunis,Data Analytics,Data,Amira Ben Salem,2025-06-26,2025-07-23,72,En ligne,1800,100,1700.0,Payé,55.5,68.7,Oui,5.0,WhatsApp,Terminé
STU0405,27,Femme,Sousse,Data Analytics,Data,Sarra Gharbi,2025-03-21,2025-03-30,72,En ligne,1800,0,1800.0,Payé,64.3,66.1,Oui,4.3,Recommandation,Terminé
STU0406,29,Homme,Nabeul,Python pour Data,Data,Nour Ben Ali,2025-11-29,2025-12-24,40,En ligne,900,0,570.0,Partiel,75.3,95.1,Oui,4.6,Instagram,Terminé
STU0407,19,Homme,Sfax,Python pour Data,Data,Nour Ben Ali,2025-01-31,2025-02-07,40,En ligne,900,300,600.0,Payé,87.9,80.3,Oui,,Recommandation,Terminé
STU0408,45,Homme,Sidi Bouzid,Power BI,Business Intelligence,Mehdi Jlassi,2026-01-27,2026-02-15,30,Présentiel,600,150,450.0,Payé,73.1,59.4,Oui,4.4,LinkedIn,Terminé
STU0409,35,Femme,Monastir,Excel Avancé,Bureautique,Amira Ben Salem,2025-07-27,2025-08-17,24,En ligne,450,100,350.0,Payé,80.6,73.2,Oui,3.9,LinkedIn,Terminé
STU0410,24,Femme,Tunis,Data Analytics,Data,Youssef Trabelsi,2025-08-12,2025-08-20,72,Hybride,1800,300,1500.0,Payé,74.9,63.4,Oui,4.1,Recommandation,Terminé
STU0411,33,Homme,Mahdia,Data Analytics,Data,Ahmed Mansour,2026-08-05,2026-09-03,72,Hybride,1800,100,1700.0,Payé,61.8,69.4,Oui,4.1,LinkedIn,Terminé
STU0412,34,Femme,Sousse,Intelligence Artificielle,IA,Amira Ben Salem,2025-02-23,2025-03-09,45,Hybride,1200,200,1000.0,Payé,65.9,73.2,Oui,4.0,Recommandation,Terminé
STU0413,28,Femme,Sfax,Power BI,Business Intelligence,Ahmed Mansour,2026-05-27,2026-06-16,30,Hybride,600,200,240.0,Partiel,49.6,,Non,2.7,Facebook,Abandonné
STU0414,33,Homme,Sidi Bouzid,Développement Web,Développement,Nour Ben Ali,2026-05-14,2026-06-04,60,En ligne,800,300,210.0,Partiel,99.8,80.3,Oui,3.8,Recommandation,Terminé
STU0415,30,Femme,Tunis,Power BI,Business Intelligence,Amira Ben Salem,2025-08-22,2025-09-10,30,Présentiel,600,300,300.0,Payé,77.3,74.3,Oui,4.2,WhatsApp,Terminé
STU0416,32,Femme,Tunis,Développement Web,Développement,Amira Ben Salem,2026-01-31,2026-02-04,60,Hybride,800,150,650.0,Payé,59.4,45.5,Oui,4.2,Facebook,Terminé
STU0417,25,Femme,Sidi Bouzid,Cybersécurité,IT,Amira Ben Salem,2026-02-09,2026-02-23,48,Présentiel,1100,150,950.0,Payé,74.7,68.4,Oui,3.7,Facebook,Terminé
STU0418,20,Homme,Kairouan,Data Analytics,Data,Youssef Trabelsi,2025-11-20,2025-12-18,72,En ligne,1800,300,0.0,Impayé,73.1,48.8,Oui,,Facebook,Terminé
STU0419,20,Homme,Sidi Bouzid,Intelligence Artificielle,IA,Amira Ben Salem,2025-02-21,2025-02-26,45,Présentiel,1200,150,1050.0,Payé,91.9,70.1,Oui,5.0,Instagram,Terminé
STU0420,23,Femme,Monastir,Cybersécurité,IT,Ahmed Mansour,2025-04-28,2025-05-05,48,Présentiel,1100,0,1100.0,Payé,67.3,70.6,Oui,5.0,,Terminé
STU0421,27,Homme,Monastir,Développement Web,Développement,Mehdi Jlassi,2025-07-21,2025-08-10,60,En ligne,800,50,750.0,Payé,74.5,84.6,Oui,3.5,WhatsApp,Terminé
STU0422,33,Homme,Tunis,Power BI,Business Intelligence,Ahmed Mansour,2025-06-05,2025-06-19,30,Présentiel,600,200,400.0,Payé,70.2,79.5,Oui,5.0,WhatsApp,Terminé
STU0423,21,Femme,Monastir,Excel Avancé,Bureautique,Sarra Gharbi,2025-07-05,2025-08-01,24,Hybride,450,0,450.0,Payé,82.8,65.8,Oui,4.6,Instagram,Terminé
STU0424,27,Femme,Monastir,Intelligence Artificielle,IA,Ahmed Mansour,2025-09-25,2025-10-07,45,En ligne,1200,150,820.0,Partiel,69.9,82.6,Oui,4.0,Facebook,Terminé
STU0425,45,Femme,Tunis,Data Analytics,Data,Sarra Gharbi,2026-02-19,2026-02-27,72,En ligne,1800,200,1600.0,Payé,49.9,46.5,Non,1.8,Facebook,Abandonné
STU0426,21,Femme,Tunis,Excel Avancé,Bureautique,Youssef Trabelsi,2025-05-13,2025-05-26,24,Présentiel,450,100,170.0,Partiel,75.0,83.5,Oui,3.8,Instagram,Terminé
STU0427,27,Homme,Sousse,Data Analytics,Data,Sarra Gharbi,2025-01-24,2025-02-23,72,En ligne,1800,0,1800.0,Payé,90.6,83.1,Oui,4.8,WhatsApp,Terminé
STU0428,20,Homme,Tunis,Python pour Data,Data,Youssef Trabelsi,2025-10-12,2025-10-25,40,En ligne,900,0,900.0,Payé,91.1,85.6,Oui,4.5,Facebook,Terminé
STU0429,42,Femme,Monastir,Power BI,Business Intelligence,Ahmed Mansour,2025-04-01,2025-04-12,30,Présentiel,600,50,550.0,Payé,80.1,77.7,Oui,4.4,Instagram,Terminé
STU0430,28,Femme,Sousse,Power BI,Business Intelligence,Mehdi Jlassi,2025-02-17,2025-03-06,30,Présentiel,600,0,330.0,Partiel,54.3,71.0,Oui,3.7,Facebook,Terminé
STU0431,27,Femme,Nabeul,Développement Web,Développement,Youssef Trabelsi,2025-12-29,2026-01-25,60,En ligne,800,50,750.0,Payé,73.5,75.1,Oui,3.5,Instagram,Terminé
STU0432,20,Homme,Sidi Bouzid,UI/UX Design,Design,Youssef Trabelsi,2025-02-11,2025-03-06,36,En ligne,700,50,650.0,Payé,79.6,67.0,Oui,4.4,Google,Terminé
STU0433,23,Homme,Monastir,Data Analytics,Data,Mehdi Jlassi,2025-12-15,2026-01-12,72,Présentiel,1800,300,1500.0,Payé,81.3,79.0,Oui,4.0,Événement,Terminé
STU0434,21,Femme,Sousse,Excel Avancé,Bureautique,Youssef Trabelsi,2026-06-06,2026-06-18,24,En ligne,450,0,450.0,Payé,87.6,94.2,Oui,2.8,Instagram,Terminé
STU0435,30,Femme,Tunis,Power BI,Business Intelligence,Nour Ben Ali,2026-08-15,2026-09-01,30,Présentiel,600,0,600.0,Payé,96.2,81.5,Non,4.2,Facebook,En cours
STU0436,27,Femme,Tunis,Data Analytics,Data,Youssef Trabelsi,2026-06-04,2026-06-27,72,En ligne,1800,100,1700.0,Payé,77.7,74.1,Oui,3.9,Recommandation,Terminé
STU0437,34,Homme,Sidi Bouzid,Data Analytics,Data,Youssef Trabelsi,2025-10-05,2025-10-13,72,En ligne,1800,0,0.0,Impayé,82.8,75.4,Oui,3.7,WhatsApp,Terminé
STU0438,26,Femme,Mahdia,Power BI,Business Intelligence,Mehdi Jlassi,2026-01-14,2026-01-27,30,Présentiel,600,0,600.0,Payé,95.6,77.8,Oui,3.3,Instagram,Terminé
STU0439,29,Femme,Tunis,Data Analytics,Data,Sarra Gharbi,2025-05-08,2025-05-17,72,En ligne,1800,0,1800.0,Payé,83.9,76.3,Oui,3.6,Facebook,Terminé
STU0440,33,Femme,Sousse,Data Analytics,Data,Sarra Gharbi,2025-10-24,2025-11-11,72,En ligne,1800,0,1800.0,Payé,83.2,81.7,Oui,3.7,Instagram,Terminé
STU0441,26,Homme,Mahdia,Data Analytics,Data,Sarra Gharbi,2026-03-26,2026-04-08,72,Présentiel,1800,50,1750.0,Payé,37.9,,Non,1.8,Instagram,Abandonné
STU0442,19,Femme,Sousse,Power BI,Business Intelligence,Mehdi Jlassi,2025-05-19,2025-06-10,30,En ligne,600,0,380.0,Partiel,92.3,70.6,Oui,3.8,Google,Terminé
STU0443,31,Homme,Sousse,Power BI,Business Intelligence,Nour Ben Ali,2026-02-14,2026-02-22,30,Présentiel,600,100,500.0,Payé,63.7,51.5,Oui,4.2,,Terminé
STU0444,18,Homme,Tunis,Data Analytics,Data,Ahmed Mansour,2025-05-23,2025-05-26,72,En ligne,1800,150,1650.0,Payé,34.8,58.8,Non,2.9,LinkedIn,Abandonné
STU0445,25,Homme,Sfax,Data Analytics,Data,Sarra Gharbi,2025-09-03,2025-09-06,72,En ligne,1800,300,1500.0,Payé,66.5,,Non,3.1,Événement,Abandonné
STU0446,36,Femme,Sousse,Développement Web,Développement,Amira Ben Salem,2025-03-07,2025-03-31,60,Présentiel,800,100,700.0,Payé,87.2,72.0,Oui,4.7,Instagram,Terminé
STU0447,23,Femme,Mahdia,Data Analytics,Data,Sarra Gharbi,2025-01-10,2025-01-29,72,En ligne,1800,200,1600.0,Payé,71.8,77.3,Oui,3.4,Recommandation,Terminé
STU0448,18,Homme,Sousse,Intelligence Artificielle,IA,Amira Ben Salem,2025-05-02,2025-05-13,45,En ligne,1200,0,1200.0,Payé,29.9,,Non,2.4,Facebook,Abandonné
STU0449,32,Femme,Sousse,Python pour Data,Data,Ahmed Mansour,2026-06-06,2026-06-12,40,Hybride,900,100,800.0,Payé,98.9,68.7,Oui,5.0,Instagram,Terminé
STU0450,44,Homme,Tunis,Python pour Data,Data,Mehdi Jlassi,2026-05-26,2026-06-22,40,En ligne,900,100,800.0,Payé,88.1,84.8,Oui,4.6,Facebook,Terminé
STU0451,26,Femme,Tunis,Excel Avancé,Bureautique,Mehdi Jlassi,2025-09-14,2025-10-12,24,Hybride,450,200,250.0,Payé,57.4,62.2,Oui,4.6,Instagram,Terminé
STU0452,25,Femme,Sousse,Data Analytics,Data,Ahmed Mansour,2026-06-19,2026-06-25,72,Présentiel,1800,300,1120.0,Partiel,83.2,82.4,Oui,3.8,Instagram,Terminé
STU0453,21,Femme,Sousse,Développement Web,Développement,Mehdi Jlassi,2025-01-15,2025-01-27,60,En ligne,800,0,800.0,Payé,51.8,50.6,Oui,4.4,LinkedIn,Terminé
STU0454,18,Femme,Sousse,Excel Avancé,Bureautique,Ahmed Mansour,2025-06-07,2025-06-14,24,Présentiel,450,200,180.0,Partiel,90.9,65.3,Oui,3.9,WhatsApp,Terminé
STU0455,33,Homme,Sousse,Data Analytics,Data,Youssef Trabelsi,2025-08-06,2025-08-09,72,En ligne,1800,0,1800.0,Payé,46.3,,Non,2.2,WhatsApp,Abandonné
STU0456,33,Homme,Sfax,Python pour Data,Data,Amira Ben Salem,2025-12-17,2026-01-08,40,Présentiel,900,0,900.0,Payé,48.1,,Non,4.2,WhatsApp,Abandonné
STU0457,35,Homme,Monastir,Power BI,Business Intelligence,Amira Ben Salem,2026-04-13,2026-04-17,30,Présentiel,600,0,600.0,Payé,74.6,70.8,Oui,4.9,Recommandation,Terminé
STU0458,31,Femme,Mahdia,Développement Web,Développement,Nour Ben Ali,2025-05-02,2025-05-23,60,En ligne,800,0,800.0,Payé,75.0,72.1,Oui,4.4,Instagram,Terminé
STU0459,27,Femme,Tunis,Power BI,Business Intelligence,Mehdi Jlassi,2025-04-09,2025-05-08,30,Présentiel,600,50,550.0,Payé,56.2,46.7,Oui,4.2,Facebook,Terminé
STU0460,27,Femme,Monastir,Data Analytics,Data,Mehdi Jlassi,2025-09-18,2025-10-13,72,Présentiel,1800,50,1230.0,Partiel,63.0,54.8,Non,4.4,WhatsApp,Abandonné
STU0461,29,Homme,Tunis,Data Analytics,Data,Ahmed Mansour,2025-08-09,2025-08-20,72,En ligne,1800,100,1700.0,Payé,78.5,52.0,Oui,4.7,Événement,Terminé
STU0462,33,Femme,Sousse,Intelligence Artificielle,IA,Amira Ben Salem,2025-01-02,2025-01-28,45,En ligne,1200,150,390.0,Partiel,77.6,73.1,Oui,4.0,Facebook,Terminé
STU0463,19,Femme,Tunis,Python pour Data,Data,Sarra Gharbi,2025-03-15,2025-04-13,40,Hybride,900,100,800.0,Payé,83.8,70.8,Oui,5.0,WhatsApp,Terminé
STU0464,26,Femme,Tunis,Développement Web,Développement,Youssef Trabelsi,2026-07-14,2026-07-26,60,Hybride,800,200,600.0,Payé,50.7,52.1,Oui,4.0,Recommandation,Terminé
STU0465,19,Femme,Monastir,Développement Web,Développement,Amira Ben Salem,2025-09-25,2025-10-02,60,Présentiel,800,300,500.0,Payé,88.8,70.2,Oui,4.2,WhatsApp,Terminé
STU0466,19,Homme,Sidi Bouzid,UI/UX Design,Design,Nour Ben Ali,2026-07-15,2026-07-29,36,En ligne,700,0,700.0,Payé,99.0,93.1,Non,3.5,Facebook,En cours
STU0467,40,Femme,Sousse,Data Analytics,Data,Mehdi Jlassi,2025-03-06,2025-04-01,72,En ligne,1800,300,1500.0,Payé,77.8,74.7,Oui,3.1,Événement,Terminé
STU0468,24,Homme,Sousse,Data Analytics,Data,Amira Ben Salem,2025-08-25,2025-08-30,72,En ligne,1800,50,1750.0,Payé,74.0,56.9,Oui,3.7,Facebook,Terminé
STU0469,34,Femme,Sfax,Développement Web,Développement,Mehdi Jlassi,2026-05-01,2026-05-25,60,En ligne,800,100,700.0,Payé,82.7,78.3,Oui,5.0,LinkedIn,Terminé
STU0470,21,Homme,Sfax,Data Analytics,Data,Ahmed Mansour,2026-03-03,2026-03-10,72,Présentiel,1800,0,1800.0,Payé,88.9,70.4,Oui,4.5,Facebook,Terminé
STU0471,30,Femme,Tunis,Data Analytics,Data,Sarra Gharbi,2025-10-02,2025-10-11,72,Présentiel,1800,0,1800.0,Payé,100.0,70.3,Non,4.0,Facebook,En cours
STU0472,24,Homme,Sousse,Intelligence Artificielle,IA,Nour Ben Ali,2025-05-06,2025-05-22,45,Présentiel,1200,100,720.0,Partiel,78.4,70.1,Oui,4.1,Recommandation,Terminé
STU0473,30,Homme,Tunis,Power BI,Business Intelligence,Ahmed Mansour,2025-08-04,2025-08-29,30,Présentiel,600,0,600.0,Payé,76.5,70.3,Oui,3.6,Facebook,Terminé
STU0474,34,Femme,Sousse,Power BI,Business Intelligence,Nour Ben Ali,2025-03-09,2025-04-06,30,Présentiel,600,100,500.0,Payé,87.3,79.4,Oui,3.4,Recommandation,Terminé
STU0475,31,Femme,Sousse,Data Analytics,Data,Amira Ben Salem,2025-03-08,2025-03-15,72,Présentiel,1800,200,1600.0,Payé,90.4,80.2,Oui,4.3,Google,Terminé
STU0476,33,Homme,Sousse,Cybersécurité,IT,Youssef Trabelsi,2025-02-10,2025-03-10,48,Hybride,1100,0,1100.0,Payé,87.9,88.5,Non,4.3,Facebook,En cours
STU0477,23,Femme,Tunis,Power BI,Business Intelligence,Amira Ben Salem,2025-11-29,2025-12-07,30,Hybride,600,200,150.0,Partiel,71.2,82.1,Oui,5.0,Instagram,Terminé
STU0478,18,Femme,Sfax,Excel Avancé,Bureautique,Sarra Gharbi,2026-07-18,2026-07-22,24,Présentiel,450,150,210.0,Partiel,86.1,79.2,Non,3.9,WhatsApp,En cours
STU0479,32,Femme,Sousse,Cybersécurité,IT,Amira Ben Salem,2025-04-23,2025-05-23,48,Présentiel,1100,300,800.0,Payé,92.3,81.9,Non,2.5,Recommandation,En cours
STU0480,34,Femme,Kairouan,Excel Avancé,Bureautique,Nour Ben Ali,2026-05-18,2026-06-13,24,En ligne,450,0,450.0,Payé,68.0,80.3,Oui,4.4,Facebook,Terminé
STU0481,27,Femme,Monastir,Excel Avancé,Bureautique,Sarra Gharbi,2025-08-14,2025-08-17,24,En ligne,450,0,450.0,Payé,75.0,68.4,Oui,4.9,Instagram,Terminé
STU0482,27,Femme,Sousse,Excel Avancé,Bureautique,Nour Ben Ali,2026-06-05,2026-07-02,24,Présentiel,450,0,450.0,Payé,66.8,68.2,Non,3.7,Google,En cours
STU0483,23,Homme,Sfax,Data Analytics,Data,Ahmed Mansour,2025-09-21,2025-10-10,72,Hybride,1800,100,1700.0,Payé,92.5,65.4,Oui,4.0,Instagram,Terminé
STU0484,35,Femme,Sidi Bouzid,Excel Avancé,Bureautique,Amira Ben Salem,2025-06-15,2025-07-15,24,En ligne,450,0,450.0,Payé,97.9,90.5,Oui,2.8,WhatsApp,Terminé
STU0485,31,Homme,Mahdia,Data Analytics,Data,Nour Ben Ali,2025-10-05,2025-10-16,72,En ligne,1800,100,1700.0,Payé,66.4,65.4,Oui,5.0,Recommandation,Terminé
STU0486,20,Homme,Sousse,Excel Avancé,Bureautique,Amira Ben Salem,2025-12-05,2025-12-29,24,Hybride,450,0,450.0,Payé,100.0,94.3,Oui,3.4,Événement,Terminé
STU0487,37,Femme,Sfax,UI/UX Design,Design,Sarra Gharbi,2026-03-13,2026-03-31,36,Présentiel,700,200,500.0,Payé,66.2,50.6,Oui,3.8,Facebook,Terminé
STU0488,28,Homme,Monastir,Intelligence Artificielle,IA,Amira Ben Salem,2025-08-02,2025-08-22,45,Présentiel,1200,0,1200.0,Payé,87.8,74.5,Oui,3.5,Recommandation,Terminé
STU0489,36,Homme,Kairouan,Data Analytics,Data,Nour Ben Ali,2026-07-20,2026-08-01,72,Hybride,1800,50,1750.0,Payé,82.9,67.4,Non,2.9,Facebook,En cours
STU0490,18,Femme,Monastir,Intelligence Artificielle,IA,Mehdi Jlassi,2025-06-20,2025-07-05,45,Présentiel,1200,150,1050.0,Payé,82.9,69.4,Oui,4.5,Facebook,Terminé
STU0491,32,Homme,Sousse,Data Analytics,Data,Sarra Gharbi,2025-07-27,2025-08-19,72,Présentiel,1800,100,1700.0,Payé,91.3,75.5,Oui,4.7,Recommandation,Terminé
STU0492,42,Homme,Sidi Bouzid,UI/UX Design,Design,Sarra Gharbi,2026-08-02,2026-08-11,36,Hybride,700,100,600.0,Payé,100.0,100.0,Non,4.4,Facebook,En cours
STU0493,39,Homme,Sidi Bouzid,Data Analytics,Data,Sarra Gharbi,2025-05-23,2025-05-26,72,Présentiel,1800,100,1700.0,Payé,92.5,98.9,Oui,3.6,WhatsApp,Terminé
STU0494,34,Femme,Sousse,Cybersécurité,IT,Ahmed Mansour,2026-04-23,2026-05-14,48,Présentiel,1100,0,1100.0,Payé,98.6,80.3,Oui,3.7,LinkedIn,Terminé
STU0495,23,Homme,Sousse,Développement Web,Développement,Mehdi Jlassi,2026-03-26,2026-04-05,60,Présentiel,800,0,340.0,Partiel,87.6,96.1,Oui,3.7,Facebook,Terminé
STU0496,18,Homme,Monastir,Cybersécurité,IT,Mehdi Jlassi,2025-01-24,2025-02-11,48,En ligne,1100,100,1000.0,Payé,67.2,70.0,Non,3.9,Recommandation,En cours
STU0497,38,Homme,Monastir,Python pour Data,Data,Amira Ben Salem,2026-03-21,2026-04-10,40,En ligne,900,200,700.0,Payé,79.1,78.2,Oui,3.3,Recommandation,Terminé
STU0498,37,Femme,Tunis,Intelligence Artificielle,IA,Mehdi Jlassi,2026-03-14,2026-04-07,45,Présentiel,1200,0,1200.0,Payé,100.0,71.1,Oui,3.3,Recommandation,Terminé
STU0499,29,Femme,Sousse,Excel Avancé,Bureautique,Mehdi Jlassi,2025-07-30,2025-08-15,24,Hybride,450,200,250.0,Payé,94.4,81.8,Oui,3.9,Facebook,Terminé
STU0500,38,Femme,Mahdia,Python pour Data,Data,Mehdi Jlassi,2026-04-26,2026-05-14,40,Présentiel,900,150,750.0,Payé,93.2,100.0,Oui,3.8,Facebook,Terminé
STU0501,29,Homme,,Cybersécurité,IT,Youssef Trabelsi,2025-08-13,2025-09-09,48,Présentiel,1100,0,1100.0,Payé,43.1,,Non,3.4,Recommandation,Abandonné
STU0502,26,Homme,Mahdia,Power BI,Business Intelligence,Amira Ben Salem,2026-03-08,2026-03-30,30,Présentiel,600,50,550.0,Payé,100.0,87.7,Oui,4.0,LinkedIn,Terminé
STU0503,22,Homme,Monastir,Développement Web,Développement,Youssef Trabelsi,2025-09-13,2025-10-04,60,Présentiel,800,200,350.0,Partiel,100.0,87.5,Oui,3.6,Facebook,Terminé
STU0504,18,Homme,Kairouan,Data Analytics,Data,Youssef Trabelsi,2026-01-16,2026-02-11,72,Présentiel,1800,100,1700.0,Payé,100.0,77.9,Oui,3.4,Facebook,Terminé
STU0505,29,Homme,Sfax,Excel Avancé,Bureautique,Ahmed Mansour,2025-06-15,2025-07-13,24,Présentiel,450,50,180.0,Partiel,94.7,92.0,Oui,4.2,Recommandation,Terminé
STU0506,22,Femme,Monastir,Power BI,Business Intelligence,Mehdi Jlassi,2026-07-01,2026-07-31,30,En ligne,600,200,400.0,Payé,60.7,63.0,Non,4.3,Instagram,En cours
STU0507,34,Femme,Sousse,Power BI,Business Intelligence,Ahmed Mansour,2025-10-30,2025-11-17,30,Présentiel,600,200,400.0,Payé,91.9,91.0,Oui,2.6,Facebook,Terminé
STU0508,23,Femme,Tunis,Power BI,Business Intelligence,Mehdi Jlassi,2025-02-20,2025-03-11,30,En ligne,600,0,600.0,Payé,86.7,70.4,Oui,4.5,Recommandation,Terminé
STU0509,19,Femme,Monastir,Développement Web,Développement,Youssef Trabelsi,2025-04-15,2025-04-26,60,En ligne,800,0,800.0,Payé,71.1,57.9,Oui,3.9,Instagram,Terminé
STU0510,30,Femme,,UI/UX Design,Design,Ahmed Mansour,2026-04-23,2026-05-06,36,En ligne,700,0,700.0,Payé,73.7,66.3,Oui,4.6,Recommandation,Terminé
STU0511,28,Homme,Nabeul,Développement Web,Développement,Sarra Gharbi,2025-05-02,2025-05-15,60,En ligne,800,200,600.0,Payé,76.1,59.9,Oui,3.0,Facebook,Terminé
STU0512,39,Femme,Tunis,Excel Avancé,Bureautique,Nour Ben Ali,2025-03-02,2025-03-26,24,En ligne,450,100,350.0,Payé,53.5,,Non,,Instagram,Abandonné
STU0513,36,Homme,Tunis,Power BI,Business Intelligence,Amira Ben Salem,2025-10-06,2025-11-01,30,Présentiel,600,0,320.0,Partiel,68.4,63.1,Oui,4.3,Événement,Terminé
STU0514,18,Homme,Sousse,Python pour Data,Data,Sarra Gharbi,2026-02-20,2026-03-14,40,En ligne,900,100,800.0,Payé,71.6,87.3,Oui,4.0,Facebook,Terminé
STU0515,18,Homme,Kairouan,Intelligence Artificielle,IA,Mehdi Jlassi,2026-06-06,2026-07-05,45,Hybride,1200,300,900.0,Payé,100.0,73.8,Oui,4.1,Recommandation,Terminé
STU0516,36,Femme,Tunis,Excel Avancé,Bureautique,Ahmed Mansour,2025-11-20,2025-12-12,24,Présentiel,450,50,400.0,Payé,90.1,85.8,Oui,4.1,Instagram,Terminé
STU0517,25,Femme,Sousse,Power BI,Business Intelligence,Amira Ben Salem,2025-02-11,2025-03-10,30,En ligne,600,0,600.0,Payé,89.3,74.4,Oui,3.9,Facebook,Terminé
STU0518,27,Homme,Nabeul,Développement Web,Développement,Ahmed Mansour,2025-03-15,2025-04-14,60,En ligne,800,50,750.0,Payé,96.3,95.9,Non,4.4,WhatsApp,En cours
STU0519,32,Femme,Tunis,Data Analytics,Data,Mehdi Jlassi,2026-06-12,2026-07-06,72,En ligne,1800,300,1500.0,Payé,98.5,72.5,Oui,5.0,Recommandation,Terminé
STU0520,29,Femme,Sfax,Power BI,Business Intelligence,Amira Ben Salem,2026-02-18,2026-03-05,30,Présentiel,600,0,600.0,Payé,65.3,95.5,Oui,4.7,Recommandation,Terminé
STU0447,23,Femme,Mahdia,Data Analytics,Data,Sarra Gharbi,2025-01-10,2025-01-29,72,En ligne,1800,200,1600.0,Payé,71.8,77.3,Oui,3.4,Recommandation,Terminé
STU0391,35,Femme,Sousse,Intelligence Artificielle,IA,Amira Ben Salem,2026-05-11,2026-05-20,45,Présentiel,1200,50,1150.0,Payé,66.6,57.7,Oui,3.8,Événement,Terminé
STU0297,31,Homme,Tunis,Data Analytics,Data,Youssef Trabelsi,2026-01-18,2026-02-08,72,En ligne,1800,0,1800.0,Payé,83.8,75.4,Oui,4.1,Recommandation,Terminé
STU0457,35,Homme,Monastir,Power BI,Business Intelligence,Amira Ben Salem,2026-04-13,2026-04-17,30,Présentiel,600,0,600.0,Payé,74.6,70.8,Oui,4.9,Recommandation,Terminé
STU0025,33,Femme,Tunis,Power BI,Business Intelligence,Ahmed Mansour,2026-01-31,2026-02-11,30,Présentiel,600,200,400.0,Payé,52.7,63.7,Oui,4.1,Facebook,Terminé
